/**
 * MPU init spells for Canon EOS R (firmware 1.8.0).
 * Captured on real hardware via Magic Lantern (src/init.c MPU capture
 * hook -> ML/LOGS/MPULOG.TXT) and converted with extract_init_spells.py.
 */

static struct mpu_init_spell mpu_init_spells_R[] = {
    { { 0x0c, 0x0b, 0x0c, 0x00, 0x00, 0x00, 0x00, 0x00, 0x01, 0x00, 0x02, 0x00 }, {/* spell #1 */
        { 0 } } },
    { { 0x0c, 0x0b, 0x0c, 0x00, 0x00, 0x00, 0x02, 0x37, 0x01, 0x00, 0x01, 0x00 }, {/* spell #2 */
        { 0 } } },
    { { 0x0c, 0x0b, 0x0c, 0x00, 0x00, 0x00, 0x00, 0x00, 0x01, 0x00, 0x02, 0x00 }, {/* spell #3 */
        { 0 } } },
    { { 0x0c, 0x0b, 0x0c, 0x00, 0x00, 0x00, 0x02, 0x37, 0x01, 0x00, 0x01, 0x00 }, {/* spell #4 */
        { 0 } } },
    { { 0x0c, 0x0b, 0x0c, 0x00, 0x00, 0x00, 0x00, 0x00, 0x01, 0x00, 0x02, 0x00 }, {/* spell #5 */
        { 0 } } },
    { { 0x0c, 0x0b, 0x0c, 0x00, 0x00, 0x00, 0x02, 0x37, 0x01, 0x00, 0x01, 0x00 }, {/* spell #6 */
        { 0 } } },
    { { 0x0c, 0x0b, 0x0c, 0x00, 0x00, 0x00, 0x00, 0x00, 0x01, 0x00, 0x02, 0x00 }, {/* spell #7 */
        { 0x06, 0x05, 0x03, 0x16, 0x01, 0x00 },                 /* reply #7.1, PROP_BATTERY_CHECK */
        { 0x06, 0x05, 0x03, 0x16, 0x00, 0x00 },                 /* reply #7.2, PROP_BATTERY_CHECK */
        { 0x06, 0x05, 0x03, 0x16, 0x01, 0x00 },                 /* reply #7.3, PROP_BATTERY_CHECK */
        { 0x06, 0x05, 0x03, 0x16, 0x00, 0x00 },                 /* reply #7.4, PROP_BATTERY_CHECK */
        { 0x06, 0x05, 0x03, 0x16, 0x01, 0x00 },                 /* reply #7.5, PROP_BATTERY_CHECK */
        { 0x06, 0x05, 0x03, 0x16, 0x00, 0x00 },                 /* reply #7.6, PROP_BATTERY_CHECK */
        { 0x06, 0x05, 0x03, 0x16, 0x01, 0x00 },                 /* reply #7.7, PROP_BATTERY_CHECK */
        { 0x06, 0x05, 0x03, 0x16, 0x00, 0x00 },                 /* reply #7.8, PROP_BATTERY_CHECK */
        { 0x06, 0x05, 0x03, 0x16, 0x01, 0x00 },                 /* reply #7.9, PROP_BATTERY_CHECK */
        { 0x06, 0x05, 0x03, 0x16, 0x00, 0x00 },                 /* reply #7.10, PROP_BATTERY_CHECK */
        { 0x06, 0x05, 0x03, 0x16, 0x01, 0x00 },                 /* reply #7.11, PROP_BATTERY_CHECK */
        { 0x06, 0x05, 0x03, 0x16, 0x00, 0x00 },                 /* reply #7.12, PROP_BATTERY_CHECK */
        { 0x06, 0x05, 0x03, 0x16, 0x01, 0x00 },                 /* reply #7.13, PROP_BATTERY_CHECK */
        { 0x06, 0x05, 0x03, 0x16, 0x00, 0x00 },                 /* reply #7.14, PROP_BATTERY_CHECK */
        { 0x06, 0x05, 0x03, 0x16, 0x01, 0x00 },                 /* reply #7.15, PROP_BATTERY_CHECK */
        { 0x06, 0x05, 0x03, 0x16, 0x00, 0x00 },                 /* reply #7.16, PROP_BATTERY_CHECK */
        { 0x06, 0x05, 0x03, 0x0d, 0x01, 0x00 },                 /* reply #7.17, PROP_CARD2_RECORD */
        { 0 } } },
    { { 0x0c, 0x0b, 0x0c, 0x00, 0x00, 0x00, 0x02, 0x37, 0x01, 0x00, 0x01, 0x00 }, {/* spell #8 */
        { 0x06, 0x05, 0x03, 0x0d, 0x00, 0x00 },                 /* reply #8.1, PROP_CARD2_RECORD */
        { 0 } } },
    { { 0x0c, 0x0b, 0x0c, 0x00, 0x00, 0x00, 0x00, 0x00, 0x01, 0x00, 0x02, 0x00 }, {/* spell #9 */
        { 0x06, 0x05, 0x03, 0x1d, 0x01, 0x00 },                 /* reply #9.1, PROP_BATTERY_REPORT */
        { 0 } } },
    { { 0x0c, 0x0b, 0x0c, 0x00, 0x00, 0x00, 0x02, 0x37, 0x01, 0x00, 0x01, 0x00 }, {/* spell #10 */
        { 0x06, 0x05, 0x03, 0x1d, 0x00, 0x00 },                 /* reply #10.1, PROP_BATTERY_REPORT */
        { 0 } } },
    { { 0x0c, 0x0b, 0x0c, 0x00, 0x00, 0x00, 0x00, 0x00, 0x01, 0x00, 0x02, 0x00 }, {/* spell #11 */
        { 0 } } },
    { { 0x12, 0x11, 0x06, 0x00, 0x11, 0x02, 0x15, 0x04, 0x04, 0x00, 0x00, 0x00, 0x00, 0x00, 0x00, 0x00, 0x00, 0x00 }, {/* spell #12 */
        { 0 } } },
    { { 0x40, 0x3e, 0x06, 0x00, 0x00, 0x20, 0x03, 0x00, 0x03, 0x00, 0x01, 0x04, 0x00, 0x00, 0x03, 0x81, 0x00, 0x00, 0x00, 0x01, 0x01, 0x02, 0x00, 0x00, 0x00, 0x00, 0x00, 0x00, 0x00, 0x00, 0x00, 0x00, 0x00, 0x01, 0x00, 0x03, 0x03, 0x00, 0x0b, 0xb5, 0x02, 0x00, 0x00, 0x00, 0x00, 0x03, 0x00, 0x00, 0x02, 0x01, 0x02, 0x03, 0x04, 0x05, 0x00, 0x02, 0x02, 0x02, 0x00, 0x03, 0x00, 0x00, 0x00, 0x00 }, {/* spell #13 */
        { 0x06, 0x05, 0x03, 0x0a, 0x01, 0x00 },                 /* reply #13.1 */
        { 0 } } },
    { { 0x0c, 0x0b, 0x0c, 0x00, 0x00, 0x00, 0x02, 0x37, 0x01, 0x00, 0x01, 0x00 }, {/* spell #14 */
        { 0x06, 0x05, 0x03, 0x0a, 0x00, 0x00 },                 /* reply #14.1 */
        { 0 } } },
    { { 0x0c, 0x0b, 0x0c, 0x00, 0x00, 0x00, 0x00, 0x00, 0x01, 0x00, 0x02, 0x00 }, {/* spell #15 */
        { 0 } } },
    { { 0x0c, 0x0b, 0x0c, 0x00, 0x00, 0x00, 0x02, 0x37, 0x01, 0x00, 0x01, 0x00 }, {/* spell #16 */
        { 0 } } },
    { { 0x4c, 0x4b, 0x06, 0x00, 0x06, 0x20, 0x00, 0x00, 0x00, 0x00, 0x00, 0x00, 0x00, 0x01, 0x01, 0x48, 0x18, 0x18, 0x00, 0x02, 0x00, 0x03, 0x00, 0x01, 0x04, 0x00, 0x00, 0x03, 0x81, 0x00, 0x00, 0x00, 0x01, 0x01, 0x02, 0x00, 0x00, 0x00, 0x00, 0x00, 0x00, 0x00, 0x00, 0x00, 0x00, 0x00, 0x01, 0x00, 0x03, 0x03, 0x00, 0x0b, 0xb5, 0x02, 0x00, 0x00, 0x00, 0x00, 0x02, 0x00, 0x00, 0x02, 0x01, 0x02, 0x03, 0x04, 0x05, 0x00, 0x02, 0x02, 0x02, 0x00, 0x03, 0x00, 0x00, 0x00 }, {/* spell #17 */
        { 0 } } },
    { { 0x40, 0x3e, 0x06, 0x00, 0x00, 0x20, 0x02, 0x00, 0x0a, 0x00, 0x01, 0x04, 0x00, 0x00, 0x03, 0x81, 0x00, 0x00, 0x00, 0x01, 0x01, 0x02, 0x00, 0x00, 0x00, 0x00, 0x00, 0x00, 0x00, 0x00, 0x00, 0x00, 0x00, 0x01, 0x00, 0x03, 0x03, 0x00, 0x0b, 0xb5, 0x02, 0x00, 0x00, 0x00, 0x00, 0x02, 0x00, 0x00, 0x02, 0x01, 0x02, 0x03, 0x04, 0x05, 0x00, 0x02, 0x02, 0x02, 0x00, 0x03, 0x00, 0x00, 0x00, 0x00 }, {/* spell #18 */
        { 0 } } },
    { { 0x40, 0x3e, 0x06, 0x00, 0x00, 0x20, 0x02, 0x00, 0x03, 0x00, 0x01, 0x04, 0x00, 0x00, 0x03, 0x81, 0x00, 0x00, 0x00, 0x01, 0x01, 0x02, 0x00, 0x00, 0x00, 0x00, 0x00, 0x00, 0x00, 0x00, 0x00, 0x00, 0x00, 0x01, 0x00, 0x03, 0x03, 0x00, 0x0b, 0xb5, 0x02, 0x00, 0x00, 0x00, 0x00, 0x02, 0x00, 0x00, 0x02, 0x01, 0x02, 0x03, 0x04, 0x05, 0x00, 0x02, 0x02, 0x02, 0x00, 0x03, 0x00, 0x00, 0x00, 0x00 }, {/* spell #19 */
        { 0x06, 0x05, 0x03, 0x1a, 0xff, 0x00 },                 /* reply #19.1 */
        { 0 } } },
    { { 0x0c, 0x0b, 0x0c, 0x00, 0x00, 0x00, 0x00, 0x00, 0x01, 0x00, 0x02, 0x00 }, {/* spell #20 */
        { 0 } } },
    { { 0x12, 0x11, 0x06, 0x00, 0x11, 0x02, 0x01, 0x04, 0x04, 0x01, 0x0a, 0x76, 0x01, 0x00, 0x00, 0x40, 0x00, 0x00 }, {/* spell #21 */
        { 0 } } },
    { { 0x40, 0x3e, 0x06, 0x00, 0x00, 0x20, 0x02, 0x00, 0x0b, 0x00, 0x01, 0x04, 0x00, 0x00, 0x03, 0x81, 0x00, 0x00, 0x00, 0x01, 0x01, 0x02, 0x00, 0x00, 0x00, 0x00, 0x00, 0x00, 0x00, 0x00, 0x00, 0x00, 0x00, 0x01, 0x00, 0x03, 0x03, 0x00, 0x0b, 0xb5, 0x02, 0x00, 0x00, 0x00, 0x00, 0x02, 0x00, 0x00, 0x02, 0x01, 0x02, 0x03, 0x04, 0x05, 0x00, 0x02, 0x02, 0x02, 0x00, 0x03, 0x00, 0x00, 0x00, 0x00 }, {/* spell #22 */
        { 0x06, 0x05, 0x03, 0x0a, 0x01, 0x00 },                 /* reply #22.1 */
        { 0 } } },
    { { 0x0c, 0x0b, 0x0c, 0x00, 0x00, 0x00, 0x02, 0x37, 0x01, 0x00, 0x01, 0x00 }, {/* spell #23 */
        { 0x06, 0x05, 0x03, 0x0a, 0x00, 0x00 },                 /* reply #23.1 */
        { 0 } } },
    { { 0x0c, 0x0b, 0x0c, 0x00, 0x00, 0x00, 0x00, 0x00, 0x01, 0x00, 0x02, 0x00 }, {/* spell #24 */
        { 0 } } },
    { { 0x12, 0x11, 0x06, 0x00, 0x11, 0x02, 0x15, 0x04, 0x04, 0x00, 0x00, 0x00, 0x00, 0x00, 0x00, 0x00, 0x00, 0x00 }, {/* spell #25 */
        { 0x06, 0x05, 0x03, 0x0a, 0x01, 0x00 },                 /* reply #25.1 */
        { 0 } } },
    { { 0x40, 0x3e, 0x06, 0x00, 0x00, 0x20, 0x02, 0x00, 0x03, 0x00, 0x01, 0x04, 0x00, 0x00, 0x03, 0x81, 0x00, 0x00, 0x00, 0x01, 0x01, 0x02, 0x00, 0x00, 0x00, 0x00, 0x00, 0x00, 0x00, 0x00, 0x00, 0x00, 0x00, 0x01, 0x00, 0x03, 0x03, 0x00, 0x0b, 0xb5, 0x02, 0x00, 0x00, 0x00, 0x00, 0x02, 0x00, 0x00, 0x02, 0x01, 0x02, 0x03, 0x04, 0x05, 0x00, 0x02, 0x02, 0x02, 0x00, 0x03, 0x00, 0x00, 0x00, 0x00 }, {/* spell #26 */
        { 0 } } },
    { { 0x0c, 0x0b, 0x0c, 0x00, 0x00, 0x00, 0x02, 0x37, 0x01, 0x00, 0x01, 0x00 }, {/* spell #27 */
        { 0x06, 0x05, 0x03, 0x0a, 0x00, 0x00 },                 /* reply #27.1 */
        { 0 } } },
    { { 0x0c, 0x0b, 0x0c, 0x00, 0x00, 0x00, 0x00, 0x00, 0x01, 0x00, 0x02, 0x00 }, {/* spell #28 */
        { 0 } } },
    { { 0x0c, 0x0b, 0x0c, 0x00, 0x00, 0x00, 0x02, 0x37, 0x01, 0x00, 0x01, 0x00 }, {/* spell #29 */
        { 0 } } },
    { { 0x4c, 0x4b, 0x06, 0x00, 0x06, 0x20, 0x01, 0x01, 0x68, 0xd8, 0x00, 0xf5, 0x00, 0x00, 0x00, 0x48, 0x18, 0xb0, 0x00, 0x01, 0x00, 0x03, 0x00, 0x01, 0x04, 0x00, 0x00, 0x03, 0x81, 0x00, 0x00, 0x00, 0x01, 0x01, 0x02, 0x00, 0x00, 0x00, 0x00, 0x00, 0x00, 0x00, 0x00, 0x00, 0x00, 0x00, 0x01, 0x00, 0x03, 0x03, 0x00, 0x0b, 0xb5, 0x02, 0x00, 0x00, 0x00, 0x00, 0x01, 0x00, 0x00, 0x02, 0x01, 0x02, 0x03, 0x04, 0x05, 0x00, 0x02, 0x02, 0x02, 0x00, 0x03, 0x00, 0x00, 0x00 }, {/* spell #30 */
        { 0 } } },
    { { 0x40, 0x3e, 0x06, 0x00, 0x00, 0x20, 0x01, 0x00, 0x0a, 0x00, 0x01, 0x04, 0x00, 0x00, 0x03, 0x81, 0x00, 0x00, 0x00, 0x01, 0x01, 0x02, 0x00, 0x00, 0x00, 0x00, 0x00, 0x00, 0x00, 0x00, 0x00, 0x00, 0x00, 0x01, 0x00, 0x03, 0x03, 0x00, 0x0b, 0xb5, 0x02, 0x00, 0x00, 0x00, 0x00, 0x01, 0x00, 0x00, 0x02, 0x01, 0x02, 0x03, 0x04, 0x05, 0x00, 0x02, 0x02, 0x02, 0x00, 0x03, 0x00, 0x00, 0x00, 0x00 }, {/* spell #31 */
        { 0 } } },
    { { 0x40, 0x3e, 0x06, 0x00, 0x00, 0x20, 0x01, 0x00, 0x03, 0x00, 0x01, 0x04, 0x00, 0x00, 0x03, 0x81, 0x00, 0x00, 0x00, 0x01, 0x01, 0x02, 0x00, 0x00, 0x00, 0x00, 0x00, 0x00, 0x00, 0x00, 0x00, 0x00, 0x00, 0x01, 0x00, 0x03, 0x03, 0x00, 0x0b, 0xb5, 0x02, 0x00, 0x00, 0x00, 0x00, 0x01, 0x00, 0x00, 0x02, 0x01, 0x02, 0x03, 0x04, 0x05, 0x00, 0x02, 0x02, 0x02, 0x00, 0x03, 0x00, 0x00, 0x00, 0x00 }, {/* spell #32 */
        { 0x06, 0x05, 0x03, 0x1a, 0xff, 0x00 },                 /* reply #32.1 */
        { 0 } } },
    { { 0x0c, 0x0b, 0x0c, 0x00, 0x00, 0x00, 0x00, 0x00, 0x01, 0x00, 0x02, 0x00 }, {/* spell #33 */
        { 0 } } },
    { { 0x12, 0x11, 0x06, 0x00, 0x11, 0x02, 0x01, 0x04, 0x04, 0x01, 0x0a, 0x76, 0x01, 0x00, 0x00, 0x40, 0x00, 0x00 }, {/* spell #34 */
        { 0 } } },
    { { 0x40, 0x3e, 0x06, 0x00, 0x00, 0x20, 0x01, 0x00, 0x0b, 0x00, 0x01, 0x04, 0x00, 0x00, 0x03, 0x81, 0x00, 0x00, 0x00, 0x01, 0x01, 0x02, 0x00, 0x00, 0x00, 0x00, 0x00, 0x00, 0x00, 0x00, 0x00, 0x00, 0x00, 0x01, 0x00, 0x03, 0x03, 0x00, 0x0b, 0xb5, 0x02, 0x00, 0x00, 0x00, 0x00, 0x01, 0x00, 0x00, 0x02, 0x01, 0x02, 0x03, 0x04, 0x05, 0x00, 0x02, 0x02, 0x02, 0x00, 0x03, 0x00, 0x00, 0x00, 0x00 }, {/* spell #35 */
        { 0x06, 0x05, 0x03, 0x0a, 0x01, 0x00 },                 /* reply #35.1 */
        { 0 } } },
    { { 0x0c, 0x0b, 0x0c, 0x00, 0x00, 0x00, 0x02, 0x37, 0x01, 0x00, 0x01, 0x00 }, {/* spell #36 */
        { 0x06, 0x05, 0x03, 0x0a, 0x00, 0x00 },                 /* reply #36.1 */
        { 0 } } },
    { { 0x0c, 0x0b, 0x0c, 0x00, 0x00, 0x00, 0x00, 0x00, 0x01, 0x00, 0x02, 0x00 }, {/* spell #37 */
        { 0 } } },
    { { 0x12, 0x11, 0x06, 0x00, 0x11, 0x02, 0x15, 0x04, 0x04, 0x00, 0x00, 0x00, 0x00, 0x00, 0x00, 0x00, 0x00, 0x00 }, {/* spell #38 */
        { 0 } } },
    { { 0x40, 0x3e, 0x06, 0x00, 0x00, 0x20, 0x01, 0x00, 0x03, 0x00, 0x01, 0x04, 0x00, 0x00, 0x03, 0x81, 0x00, 0x00, 0x00, 0x01, 0x01, 0x02, 0x00, 0x00, 0x00, 0x00, 0x00, 0x00, 0x00, 0x00, 0x00, 0x00, 0x00, 0x01, 0x00, 0x03, 0x03, 0x00, 0x0b, 0xb5, 0x02, 0x00, 0x00, 0x00, 0x00, 0x01, 0x00, 0x00, 0x02, 0x01, 0x02, 0x03, 0x04, 0x05, 0x00, 0x02, 0x02, 0x02, 0x00, 0x03, 0x00, 0x00, 0x00, 0x00 }, {/* spell #39 */
        { 0x06, 0x05, 0x03, 0x0a, 0x01, 0x00 },                 /* reply #39.1 */
        { 0 } } },
    { { 0x0c, 0x0b, 0x0c, 0x00, 0x00, 0x00, 0x02, 0x37, 0x01, 0x00, 0x01, 0x00 }, {/* spell #40 */
        { 0x06, 0x05, 0x03, 0x0a, 0x00, 0x00 },                 /* reply #40.1 */
        { 0 } } },
    { { 0x0c, 0x0b, 0x0c, 0x00, 0x00, 0x00, 0x00, 0x00, 0x01, 0x00, 0x02, 0x00 }, {/* spell #41 */
        { 0 } } },
    { { 0x0c, 0x0b, 0x0c, 0x00, 0x00, 0x00, 0x02, 0x37, 0x01, 0x00, 0x01, 0x00 }, {/* spell #42 */
        { 0 } } },
    { { 0x46, 0x45, 0x06, 0x00, 0x02, 0x20, 0x00, 0x00, 0x00, 0x00, 0x00, 0x00, 0x00, 0x00, 0x00, 0x03, 0x00, 0x01, 0x04, 0x00, 0x00, 0x03, 0x81, 0x00, 0x00, 0x00, 0x01, 0x01, 0x02, 0x00, 0x00, 0x00, 0x00, 0x00, 0x00, 0x00, 0x00, 0x00, 0x00, 0x00, 0x01, 0x00, 0x03, 0x03, 0x00, 0x0b, 0xb5, 0x02, 0x00, 0x00, 0x00, 0x00, 0x00, 0x00, 0x00, 0x02, 0x01, 0x02, 0x03, 0x04, 0x05, 0x00, 0x02, 0x02, 0x02, 0x00, 0x03, 0x00, 0x00, 0x00 }, {/* spell #43 */
        { 0 } } },
    { { 0x40, 0x3e, 0x06, 0x00, 0x00, 0x20, 0x00, 0x00, 0x0a, 0x00, 0x01, 0x04, 0x00, 0x00, 0x03, 0x81, 0x00, 0x00, 0x00, 0x01, 0x01, 0x02, 0x00, 0x00, 0x00, 0x00, 0x00, 0x00, 0x00, 0x00, 0x00, 0x00, 0x00, 0x01, 0x00, 0x03, 0x03, 0x00, 0x0b, 0xb5, 0x02, 0x00, 0x00, 0x00, 0x00, 0x00, 0x00, 0x00, 0x02, 0x01, 0x02, 0x03, 0x04, 0x05, 0x00, 0x02, 0x02, 0x02, 0x00, 0x03, 0x00, 0x00, 0x00, 0x00 }, {/* spell #44 */
        { 0 } } },
    { { 0x40, 0x3e, 0x06, 0x00, 0x00, 0x20, 0x00, 0x00, 0x03, 0x00, 0x01, 0x04, 0x00, 0x00, 0x03, 0x81, 0x00, 0x00, 0x00, 0x01, 0x01, 0x02, 0x00, 0x00, 0x00, 0x00, 0x00, 0x00, 0x00, 0x00, 0x00, 0x00, 0x00, 0x01, 0x00, 0x03, 0x03, 0x00, 0x0b, 0xb5, 0x02, 0x00, 0x00, 0x00, 0x00, 0x00, 0x00, 0x00, 0x02, 0x01, 0x02, 0x03, 0x04, 0x05, 0x00, 0x02, 0x02, 0x02, 0x00, 0x03, 0x00, 0x00, 0x00, 0x00 }, {/* spell #45 */
        { 0x06, 0x05, 0x03, 0x1a, 0xff, 0x00 },                 /* reply #45.1 */
        { 0 } } },
    { { 0x0c, 0x0b, 0x0c, 0x00, 0x00, 0x00, 0x00, 0x00, 0x01, 0x00, 0x02, 0x00 }, {/* spell #46 */
        { 0 } } },
    { { 0x12, 0x11, 0x06, 0x00, 0x11, 0x02, 0x01, 0x04, 0x04, 0x01, 0x0a, 0x76, 0x01, 0x00, 0x00, 0x40, 0x00, 0x00 }, {/* spell #47 */
        { 0 } } },
    { { 0x40, 0x3e, 0x06, 0x00, 0x00, 0x20, 0x00, 0x00, 0x0b, 0x00, 0x01, 0x04, 0x00, 0x00, 0x03, 0x81, 0x00, 0x00, 0x00, 0x01, 0x01, 0x02, 0x00, 0x00, 0x00, 0x00, 0x00, 0x00, 0x00, 0x00, 0x00, 0x00, 0x00, 0x01, 0x00, 0x03, 0x03, 0x00, 0x0b, 0xb5, 0x02, 0x00, 0x00, 0x00, 0x00, 0x00, 0x00, 0x00, 0x02, 0x01, 0x02, 0x03, 0x04, 0x05, 0x00, 0x02, 0x02, 0x02, 0x00, 0x03, 0x00, 0x00, 0x00, 0x00 }, {/* spell #48 */
        { 0x06, 0x05, 0x03, 0x0a, 0x01, 0x00 },                 /* reply #48.1 */
        { 0 } } },
    { { 0x0c, 0x0b, 0x0c, 0x00, 0x00, 0x00, 0x02, 0x37, 0x01, 0x00, 0x01, 0x00 }, {/* spell #49 */
        { 0x06, 0x05, 0x03, 0x0a, 0x00, 0x00 },                 /* reply #49.1 */
        { 0 } } },
    { { 0x0c, 0x0b, 0x0c, 0x00, 0x00, 0x00, 0x00, 0x00, 0x01, 0x00, 0x02, 0x00 }, {/* spell #50 */
        { 0 } } },
    { { 0x12, 0x11, 0x06, 0x00, 0x11, 0x02, 0x15, 0x04, 0x04, 0x00, 0x00, 0x00, 0x00, 0x00, 0x00, 0x00, 0x00, 0x00 }, {/* spell #51 */
        { 0 } } },
    { { 0x40, 0x3e, 0x06, 0x00, 0x00, 0x20, 0x00, 0x00, 0x03, 0x00, 0x01, 0x04, 0x00, 0x00, 0x03, 0x81, 0x00, 0x00, 0x00, 0x01, 0x01, 0x02, 0x00, 0x00, 0x00, 0x00, 0x00, 0x00, 0x00, 0x00, 0x00, 0x00, 0x00, 0x01, 0x00, 0x03, 0x03, 0x00, 0x0b, 0xb5, 0x02, 0x00, 0x00, 0x00, 0x00, 0x00, 0x00, 0x00, 0x02, 0x01, 0x02, 0x03, 0x04, 0x05, 0x00, 0x02, 0x02, 0x02, 0x00, 0x03, 0x00, 0x00, 0x00, 0x00 }, {/* spell #52 */
        { 0x06, 0x05, 0x03, 0x0a, 0x01, 0x00 },                 /* reply #52.1 */
        { 0 } } },
    { { 0x0c, 0x0b, 0x0c, 0x00, 0x00, 0x00, 0x02, 0x37, 0x01, 0x00, 0x01, 0x00 }, {/* spell #53 */
        { 0x06, 0x05, 0x03, 0x0a, 0x00, 0x00 },                 /* reply #53.1 */
        { 0 } } },
    { { 0x0c, 0x0b, 0x0c, 0x00, 0x00, 0x00, 0x00, 0x00, 0x01, 0x00, 0x02, 0x00 }, {/* spell #54 */
        { 0 } } },
    { { 0x0c, 0x0b, 0x0c, 0x00, 0x00, 0x00, 0x02, 0x37, 0x01, 0x00, 0x01, 0x00 }, {/* spell #55 */
        { 0 } } },
    { { 0x54, 0x53, 0x06, 0x00, 0x46, 0x20, 0x01, 0x01, 0x68, 0xd8, 0x00, 0xa0, 0x00, 0x01, 0x01, 0x48, 0x18, 0xa0, 0x00, 0x01, 0x01, 0x00, 0x00, 0x00, 0x00, 0x00, 0x00, 0x37, 0x00, 0x03, 0x00, 0x01, 0x04, 0x00, 0x00, 0x03, 0x81, 0x00, 0x00, 0x00, 0x01, 0x01, 0x02, 0x00, 0x00, 0x00, 0x00, 0x00, 0x00, 0x00, 0x00, 0x00, 0x00, 0x00, 0x01, 0x00, 0x03, 0x03, 0x00, 0x0b, 0xb5, 0x02, 0x00, 0x00, 0x00, 0x00, 0x37, 0x00, 0x00, 0x02, 0x01, 0x02, 0x03, 0x04, 0x05, 0x00, 0x02, 0x02, 0x02, 0x00, 0x03, 0x00, 0x00, 0x00 }, {/* spell #56 */
        { 0 } } },
    { { 0x40, 0x3e, 0x06, 0x00, 0x00, 0x20, 0x37, 0x00, 0x0a, 0x00, 0x01, 0x04, 0x00, 0x00, 0x03, 0x81, 0x00, 0x00, 0x00, 0x01, 0x01, 0x02, 0x00, 0x00, 0x00, 0x00, 0x00, 0x00, 0x00, 0x00, 0x00, 0x00, 0x00, 0x01, 0x00, 0x03, 0x03, 0x00, 0x0b, 0xb5, 0x02, 0x00, 0x00, 0x00, 0x00, 0x37, 0x00, 0x00, 0x02, 0x01, 0x02, 0x03, 0x04, 0x05, 0x00, 0x02, 0x02, 0x02, 0x00, 0x03, 0x00, 0x00, 0x00, 0x00 }, {/* spell #57 */
        { 0 } } },
    { { 0x40, 0x3e, 0x06, 0x00, 0x00, 0x20, 0x37, 0x00, 0x03, 0x00, 0x01, 0x04, 0x00, 0x00, 0x03, 0x81, 0x00, 0x00, 0x00, 0x01, 0x01, 0x02, 0x00, 0x00, 0x00, 0x00, 0x00, 0x00, 0x00, 0x00, 0x00, 0x00, 0x00, 0x01, 0x00, 0x03, 0x03, 0x00, 0x0b, 0xb5, 0x02, 0x00, 0x00, 0x00, 0x00, 0x37, 0x00, 0x00, 0x02, 0x01, 0x02, 0x03, 0x04, 0x05, 0x00, 0x02, 0x02, 0x02, 0x00, 0x03, 0x00, 0x00, 0x00, 0x00 }, {/* spell #58 */
        { 0x06, 0x05, 0x03, 0x1a, 0xff, 0x00 },                 /* reply #58.1 */
        { 0 } } },
    { { 0x0c, 0x0b, 0x0c, 0x00, 0x00, 0x00, 0x00, 0x00, 0x01, 0x00, 0x02, 0x00 }, {/* spell #59 */
        { 0 } } },
    { { 0x1a, 0x19, 0x06, 0x00, 0x51, 0x02, 0x01, 0x04, 0x04, 0x01, 0x0a, 0x76, 0x01, 0x03, 0x00, 0x00, 0x00, 0x00, 0x00, 0x00, 0x01, 0x00, 0x00, 0x20, 0x00, 0x00 }, {/* spell #60 */
        { 0 } } },
    { { 0x40, 0x3e, 0x06, 0x00, 0x00, 0x20, 0x37, 0x00, 0x0b, 0x00, 0x01, 0x04, 0x00, 0x00, 0x03, 0x81, 0x00, 0x00, 0x00, 0x01, 0x01, 0x02, 0x00, 0x00, 0x00, 0x00, 0x00, 0x00, 0x00, 0x00, 0x00, 0x00, 0x00, 0x01, 0x00, 0x03, 0x03, 0x00, 0x0b, 0xb5, 0x02, 0x00, 0x00, 0x00, 0x00, 0x37, 0x00, 0x00, 0x02, 0x01, 0x02, 0x03, 0x04, 0x05, 0x00, 0x02, 0x02, 0x02, 0x00, 0x03, 0x00, 0x00, 0x00, 0x00 }, {/* spell #61 */
        { 0x06, 0x05, 0x03, 0x0a, 0x01, 0x00 },                 /* reply #61.1 */
        { 0 } } },
    { { 0x0c, 0x0b, 0x0c, 0x00, 0x00, 0x00, 0x02, 0x37, 0x01, 0x00, 0x01, 0x00 }, {/* spell #62 */
        { 0x06, 0x05, 0x03, 0x0a, 0x00, 0x00 },                 /* reply #62.1 */
        { 0 } } },
    { { 0x0c, 0x0b, 0x0c, 0x00, 0x00, 0x00, 0x00, 0x00, 0x01, 0x00, 0x02, 0x00 }, {/* spell #63 */
        { 0x06, 0x05, 0x03, 0x0a, 0x01, 0x00 },                 /* reply #63.1 */
        { 0x0a, 0x08, 0x07, 0x00, 0x02, 0x23, 0x1d, 0x25, 0x00, 0x00 },/* reply #63.2 */
        { 0x1e, 0x1c, 0x07, 0x03, 0x97, 0x15, 0x94, 0x2e, 0x89, 0x88, 0x21, 0x02, 0x06, 0x54, 0x0c, 0x00, 0xbe, 0x07, 0x30, 0x57, 0x00, 0x00, 0x00, 0x00, 0x00, 0x00, 0x00, 0x64, 0x00, 0x00 },/* reply #63.3 */
        { 0 } } },
    { { 0x1a, 0x19, 0x06, 0x00, 0x51, 0x02, 0x15, 0x04, 0x04, 0x00, 0x00, 0x00, 0x01, 0x01, 0x00, 0x00, 0x00, 0x00, 0x00, 0x00, 0x00, 0x00, 0x00, 0x00, 0x00, 0x00 }, {/* spell #64 */
        { 0 } } },
    { { 0x40, 0x3e, 0x06, 0x00, 0x00, 0x20, 0x37, 0x00, 0x03, 0x00, 0x01, 0x04, 0x00, 0x00, 0x03, 0x81, 0x00, 0x00, 0x00, 0x01, 0x01, 0x02, 0x00, 0x00, 0x00, 0x00, 0x00, 0x00, 0x00, 0x00, 0x00, 0x00, 0x00, 0x01, 0x00, 0x03, 0x03, 0x00, 0x0b, 0xb5, 0x02, 0x00, 0x00, 0x00, 0x00, 0x37, 0x00, 0x00, 0x02, 0x01, 0x02, 0x03, 0x04, 0x05, 0x00, 0x02, 0x02, 0x02, 0x00, 0x03, 0x00, 0x00, 0x00, 0x00 }, {/* spell #65 */
        { 0 } } },
    { { 0x0c, 0x0b, 0x0c, 0x00, 0x00, 0x00, 0x02, 0x37, 0x01, 0x00, 0x01, 0x00 }, {/* spell #66 */
        { 0x06, 0x05, 0x03, 0x0a, 0x00, 0x00 },                 /* reply #66.1 */
        { 0 } } },
    { { 0x0c, 0x0b, 0x0c, 0x00, 0x00, 0x00, 0x00, 0x00, 0x01, 0x00, 0x02, 0x00 }, {/* spell #67 */
        { 0 } } },
    { { 0x0c, 0x0b, 0x0c, 0x00, 0x00, 0x00, 0x02, 0x37, 0x01, 0x00, 0x01, 0x00 }, {/* spell #68 */
        { 0 } } },
    { { 0x54, 0x53, 0x06, 0x00, 0x46, 0x20, 0x00, 0x00, 0x00, 0x00, 0x00, 0x00, 0x00, 0x00, 0x00, 0x48, 0x18, 0xb0, 0x00, 0x00, 0x00, 0x00, 0x00, 0x00, 0x00, 0x00, 0x00, 0x16, 0x00, 0x03, 0x00, 0x02, 0x04, 0x00, 0x00, 0x03, 0x87, 0x00, 0x00, 0x00, 0x01, 0x01, 0x02, 0x00, 0x00, 0x00, 0x00, 0x00, 0x00, 0x00, 0x00, 0x00, 0x00, 0x00, 0x01, 0x00, 0x03, 0x03, 0x00, 0x0b, 0xb5, 0x02, 0x00, 0x00, 0x00, 0x00, 0x16, 0x00, 0x00, 0x02, 0x01, 0x02, 0x03, 0x04, 0x05, 0x00, 0x02, 0x02, 0x02, 0x00, 0x03, 0x00, 0x00, 0x00 }, {/* spell #69 */
        { 0 } } },
    { { 0x40, 0x3e, 0x06, 0x00, 0x00, 0x20, 0x16, 0x00, 0x0a, 0x00, 0x02, 0x04, 0x00, 0x00, 0x03, 0x87, 0x00, 0x00, 0x00, 0x01, 0x01, 0x02, 0x00, 0x00, 0x00, 0x00, 0x00, 0x00, 0x00, 0x00, 0x00, 0x00, 0x00, 0x01, 0x00, 0x03, 0x03, 0x00, 0x0b, 0xb5, 0x02, 0x00, 0x00, 0x00, 0x00, 0x16, 0x00, 0x00, 0x02, 0x01, 0x02, 0x03, 0x04, 0x05, 0x00, 0x02, 0x02, 0x02, 0x00, 0x03, 0x00, 0x00, 0x00, 0x00 }, {/* spell #70 */
        { 0 } } },
    { { 0x40, 0x3e, 0x06, 0x00, 0x00, 0x20, 0x16, 0x00, 0x03, 0x00, 0x02, 0x04, 0x00, 0x00, 0x03, 0x87, 0x00, 0x00, 0x00, 0x01, 0x01, 0x02, 0x00, 0x00, 0x00, 0x00, 0x00, 0x00, 0x00, 0x00, 0x00, 0x00, 0x00, 0x01, 0x00, 0x03, 0x03, 0x00, 0x0b, 0xb5, 0x02, 0x00, 0x00, 0x00, 0x00, 0x16, 0x00, 0x00, 0x02, 0x01, 0x02, 0x03, 0x04, 0x05, 0x00, 0x02, 0x02, 0x02, 0x00, 0x03, 0x00, 0x00, 0x00, 0x00 }, {/* spell #71 */
        { 0x06, 0x05, 0x03, 0x1a, 0xff, 0x00 },                 /* reply #71.1 */
        { 0 } } },
    { { 0x0c, 0x0b, 0x0c, 0x00, 0x00, 0x00, 0x00, 0x00, 0x01, 0x00, 0x02, 0x00 }, {/* spell #72 */
        { 0 } } },
    { { 0x0e, 0x0c, 0x06, 0x00, 0x11, 0x00, 0x01, 0x04, 0x04, 0x01, 0x0a, 0x76, 0x00, 0x00 }, {/* spell #73 */
        { 0 } } },
    { { 0x40, 0x3e, 0x06, 0x00, 0x00, 0x20, 0x16, 0x00, 0x0b, 0x00, 0x02, 0x04, 0x00, 0x00, 0x03, 0x87, 0x00, 0x00, 0x00, 0x01, 0x01, 0x02, 0x00, 0x00, 0x00, 0x00, 0x00, 0x00, 0x00, 0x00, 0x00, 0x00, 0x00, 0x01, 0x00, 0x03, 0x03, 0x00, 0x0b, 0xb5, 0x02, 0x00, 0x00, 0x00, 0x00, 0x16, 0x00, 0x00, 0x02, 0x01, 0x02, 0x03, 0x04, 0x05, 0x00, 0x02, 0x02, 0x02, 0x00, 0x03, 0x00, 0x00, 0x00, 0x00 }, {/* spell #74 */
        { 0x06, 0x05, 0x03, 0x0a, 0x01, 0x00 },                 /* reply #74.1 */
        { 0 } } },
    { { 0x0c, 0x0b, 0x0c, 0x00, 0x00, 0x00, 0x02, 0x37, 0x01, 0x00, 0x01, 0x00 }, {/* spell #75 */
        { 0x06, 0x05, 0x03, 0x0a, 0x00, 0x00 },                 /* reply #75.1 */
        { 0 } } },
    { { 0x0c, 0x0b, 0x0c, 0x00, 0x00, 0x00, 0x00, 0x00, 0x01, 0x00, 0x02, 0x00 }, {/* spell #76 */
        { 0 } } },
    { { 0x0e, 0x0c, 0x06, 0x00, 0x11, 0x00, 0x15, 0x04, 0x04, 0x00, 0x00, 0x00, 0x00, 0x00 }, {/* spell #77 */
        { 0 } } },
    { { 0x40, 0x3e, 0x06, 0x00, 0x00, 0x20, 0x16, 0x00, 0x03, 0x00, 0x02, 0x04, 0x00, 0x00, 0x03, 0x87, 0x00, 0x00, 0x00, 0x01, 0x01, 0x02, 0x00, 0x00, 0x00, 0x00, 0x00, 0x00, 0x00, 0x00, 0x00, 0x00, 0x00, 0x01, 0x00, 0x03, 0x03, 0x00, 0x0b, 0xb5, 0x02, 0x00, 0x00, 0x00, 0x00, 0x16, 0x00, 0x00, 0x02, 0x01, 0x02, 0x03, 0x04, 0x05, 0x00, 0x02, 0x02, 0x02, 0x00, 0x03, 0x00, 0x00, 0x00, 0x00 }, {/* spell #78 */
        { 0x06, 0x05, 0x03, 0x0a, 0x01, 0x00 },                 /* reply #78.1 */
        { 0 } } },
    { { 0x0c, 0x0b, 0x0c, 0x00, 0x00, 0x00, 0x02, 0x37, 0x01, 0x00, 0x01, 0x00 }, {/* spell #79 */
        { 0x06, 0x05, 0x03, 0x0a, 0x00, 0x00 },                 /* reply #79.1 */
        { 0 } } },
    { { 0x0c, 0x0b, 0x0c, 0x00, 0x00, 0x00, 0x00, 0x00, 0x01, 0x00, 0x02, 0x00 }, {/* spell #80 */
        { 0 } } },
    { { 0x0c, 0x0b, 0x0c, 0x00, 0x00, 0x00, 0x02, 0x37, 0x01, 0x00, 0x01, 0x00 }, {/* spell #81 */
        { 0 } } },
    { { 0x48, 0x46, 0x06, 0x00, 0x40, 0x20, 0x01, 0x01, 0x00, 0x00, 0x00, 0x00, 0x00, 0x00, 0x00, 0x00, 0x03, 0x00, 0x01, 0x00, 0x00, 0x00, 0x03, 0x81, 0x00, 0x00, 0x00, 0x01, 0x01, 0x02, 0x00, 0x00, 0x00, 0x00, 0x00, 0x00, 0x00, 0x00, 0x00, 0x00, 0x00, 0x01, 0x00, 0x03, 0x03, 0x00, 0x0b, 0xb5, 0x02, 0x00, 0x00, 0x00, 0x00, 0x11, 0x00, 0x00, 0x02, 0x01, 0x02, 0x03, 0x04, 0x05, 0x00, 0x02, 0x02, 0x02, 0x00, 0x03, 0x00, 0x00, 0x00, 0x00 }, {/* spell #82 */
        { 0 } } },
    { { 0x40, 0x3e, 0x06, 0x00, 0x00, 0x20, 0x00, 0x00, 0x0a, 0x00, 0x01, 0x00, 0x00, 0x00, 0x03, 0x81, 0x00, 0x00, 0x00, 0x01, 0x01, 0x02, 0x00, 0x00, 0x00, 0x00, 0x00, 0x00, 0x00, 0x00, 0x00, 0x00, 0x00, 0x01, 0x00, 0x03, 0x03, 0x00, 0x0b, 0xb5, 0x02, 0x00, 0x00, 0x00, 0x00, 0x11, 0x00, 0x00, 0x02, 0x01, 0x02, 0x03, 0x04, 0x05, 0x00, 0x02, 0x02, 0x02, 0x00, 0x03, 0x00, 0x00, 0x00, 0x00 }, {/* spell #83 */
        { 0 } } },
    { { 0x40, 0x3e, 0x06, 0x00, 0x00, 0x20, 0x00, 0x00, 0x03, 0x00, 0x01, 0x00, 0x00, 0x00, 0x03, 0x81, 0x00, 0x00, 0x00, 0x01, 0x01, 0x02, 0x00, 0x00, 0x00, 0x00, 0x00, 0x00, 0x00, 0x00, 0x00, 0x00, 0x00, 0x01, 0x00, 0x03, 0x03, 0x00, 0x0b, 0xb5, 0x02, 0x00, 0x00, 0x00, 0x00, 0x11, 0x00, 0x00, 0x02, 0x01, 0x02, 0x03, 0x04, 0x05, 0x00, 0x02, 0x02, 0x02, 0x00, 0x03, 0x00, 0x00, 0x00, 0x00 }, {/* spell #84 */
        { 0x06, 0x05, 0x03, 0x1a, 0xff, 0x00 },                 /* reply #84.1 */
        { 0 } } },
    { { 0x0c, 0x0b, 0x0c, 0x00, 0x00, 0x00, 0x00, 0x00, 0x01, 0x00, 0x02, 0x00 }, {/* spell #85 */
        { 0 } } },
    { { 0x12, 0x11, 0x06, 0x00, 0x11, 0x02, 0x01, 0x04, 0x04, 0x01, 0x0a, 0x76, 0x01, 0x00, 0x00, 0x20, 0x00, 0x00 }, {/* spell #86 */
        { 0 } } },
    { { 0x40, 0x3e, 0x06, 0x00, 0x00, 0x20, 0x00, 0x00, 0x0b, 0x00, 0x01, 0x00, 0x00, 0x00, 0x03, 0x81, 0x00, 0x00, 0x00, 0x01, 0x01, 0x02, 0x00, 0x00, 0x00, 0x00, 0x00, 0x00, 0x00, 0x00, 0x00, 0x00, 0x00, 0x01, 0x00, 0x03, 0x03, 0x00, 0x0b, 0xb5, 0x02, 0x00, 0x00, 0x00, 0x00, 0x11, 0x00, 0x00, 0x02, 0x01, 0x02, 0x03, 0x04, 0x05, 0x00, 0x02, 0x02, 0x02, 0x00, 0x03, 0x00, 0x00, 0x00, 0x00 }, {/* spell #87 */
        { 0x06, 0x05, 0x03, 0x0a, 0x01, 0x00 },                 /* reply #87.1 */
        { 0 } } },
    { { 0x0c, 0x0b, 0x0c, 0x00, 0x00, 0x00, 0x02, 0x37, 0x01, 0x00, 0x01, 0x00 }, {/* spell #88 */
        { 0x06, 0x05, 0x03, 0x0a, 0x00, 0x00 },                 /* reply #88.1 */
        { 0 } } },
    { { 0x0c, 0x0b, 0x0c, 0x00, 0x00, 0x00, 0x00, 0x00, 0x01, 0x00, 0x02, 0x00 }, {/* spell #89 */
        { 0 } } },
    { { 0x12, 0x11, 0x06, 0x00, 0x11, 0x02, 0x15, 0x04, 0x04, 0x00, 0x00, 0x00, 0x00, 0x00, 0x00, 0x00, 0x00, 0x00 }, {/* spell #90 */
        { 0 } } },
    { { 0x40, 0x3e, 0x06, 0x00, 0x00, 0x20, 0x00, 0x00, 0x03, 0x00, 0x01, 0x00, 0x00, 0x00, 0x03, 0x81, 0x00, 0x00, 0x00, 0x01, 0x01, 0x02, 0x00, 0x00, 0x00, 0x00, 0x00, 0x00, 0x00, 0x00, 0x00, 0x00, 0x00, 0x01, 0x00, 0x03, 0x03, 0x00, 0x0b, 0xb5, 0x02, 0x00, 0x00, 0x00, 0x00, 0x11, 0x00, 0x00, 0x02, 0x01, 0x02, 0x03, 0x04, 0x05, 0x00, 0x02, 0x02, 0x02, 0x00, 0x03, 0x00, 0x00, 0x00, 0x00 }, {/* spell #91 */
        { 0x06, 0x05, 0x03, 0x0a, 0x01, 0x00 },                 /* reply #91.1 */
        { 0 } } },
    { { 0x0c, 0x0b, 0x0c, 0x00, 0x00, 0x00, 0x02, 0x37, 0x01, 0x00, 0x01, 0x00 }, {/* spell #92 */
        { 0x06, 0x05, 0x03, 0x0a, 0x00, 0x00 },                 /* reply #92.1 */
        { 0 } } },
    { { 0x0c, 0x0b, 0x0c, 0x00, 0x00, 0x00, 0x00, 0x00, 0x01, 0x00, 0x02, 0x00 }, {/* spell #93 */
        { 0 } } },
    { { 0x0c, 0x0b, 0x0c, 0x00, 0x00, 0x00, 0x02, 0x37, 0x01, 0x00, 0x01, 0x00 }, {/* spell #94 */
        { 0 } } },
    { { 0x40, 0x3e, 0x06, 0x00, 0x00, 0x20, 0x00, 0x00, 0x03, 0x00, 0x01, 0x00, 0x00, 0x00, 0x03, 0x81, 0x00, 0x00, 0x00, 0x01, 0x01, 0x02, 0x00, 0x00, 0x00, 0x00, 0x00, 0x00, 0x00, 0x00, 0x00, 0x00, 0x00, 0x01, 0x00, 0x03, 0x03, 0x00, 0x0b, 0xb5, 0x02, 0x00, 0x00, 0x00, 0x00, 0x10, 0x00, 0x00, 0x02, 0x01, 0x02, 0x03, 0x04, 0x05, 0x00, 0x02, 0x02, 0x02, 0x00, 0x03, 0x00, 0x00, 0x00, 0x00 }, {/* spell #95 */
        { 0 } } },
    { { 0x40, 0x3e, 0x06, 0x00, 0x00, 0x20, 0x00, 0x00, 0x0a, 0x00, 0x01, 0x00, 0x00, 0x00, 0x03, 0x81, 0x00, 0x00, 0x00, 0x01, 0x01, 0x02, 0x00, 0x00, 0x00, 0x00, 0x00, 0x00, 0x00, 0x00, 0x00, 0x00, 0x00, 0x01, 0x00, 0x03, 0x03, 0x00, 0x0b, 0xb5, 0x02, 0x00, 0x00, 0x00, 0x00, 0x10, 0x00, 0x00, 0x02, 0x01, 0x02, 0x03, 0x04, 0x05, 0x00, 0x02, 0x02, 0x02, 0x00, 0x03, 0x00, 0x00, 0x00, 0x00 }, {/* spell #96 */
        { 0 } } },
    { { 0x40, 0x3e, 0x06, 0x00, 0x00, 0x20, 0x00, 0x00, 0x03, 0x00, 0x01, 0x00, 0x00, 0x00, 0x03, 0x81, 0x00, 0x00, 0x00, 0x01, 0x01, 0x02, 0x00, 0x00, 0x00, 0x00, 0x00, 0x00, 0x00, 0x00, 0x00, 0x00, 0x00, 0x01, 0x00, 0x03, 0x03, 0x00, 0x0b, 0xb5, 0x02, 0x00, 0x00, 0x00, 0x00, 0x10, 0x00, 0x00, 0x02, 0x01, 0x02, 0x03, 0x04, 0x05, 0x00, 0x02, 0x02, 0x02, 0x00, 0x03, 0x00, 0x00, 0x00, 0x00 }, {/* spell #97 */
        { 0x06, 0x05, 0x03, 0x1a, 0xff, 0x00 },                 /* reply #97.1 */
        { 0 } } },
    { { 0x0c, 0x0b, 0x0c, 0x00, 0x00, 0x00, 0x00, 0x00, 0x01, 0x00, 0x02, 0x00 }, {/* spell #98 */
        { 0 } } },
    { { 0x12, 0x11, 0x06, 0x00, 0x11, 0x02, 0x01, 0x04, 0x04, 0x01, 0x0a, 0x76, 0x01, 0x00, 0x00, 0x20, 0x00, 0x00 }, {/* spell #99 */
        { 0 } } },
    { { 0x40, 0x3e, 0x06, 0x00, 0x00, 0x20, 0x00, 0x00, 0x0b, 0x00, 0x01, 0x00, 0x00, 0x00, 0x03, 0x81, 0x00, 0x00, 0x00, 0x01, 0x01, 0x02, 0x00, 0x00, 0x00, 0x00, 0x00, 0x00, 0x00, 0x00, 0x00, 0x00, 0x00, 0x01, 0x00, 0x03, 0x03, 0x00, 0x0b, 0xb5, 0x02, 0x00, 0x00, 0x00, 0x00, 0x10, 0x00, 0x00, 0x02, 0x01, 0x02, 0x03, 0x04, 0x05, 0x00, 0x02, 0x02, 0x02, 0x00, 0x03, 0x00, 0x00, 0x00, 0x00 }, {/* spell #100 */
        { 0x06, 0x05, 0x03, 0x0a, 0x01, 0x00 },                 /* reply #100.1 */
        { 0 } } },
    { { 0x0c, 0x0b, 0x0c, 0x00, 0x00, 0x00, 0x02, 0x37, 0x01, 0x00, 0x01, 0x00 }, {/* spell #101 */
        { 0x06, 0x05, 0x03, 0x0a, 0x00, 0x00 },                 /* reply #101.1 */
        { 0 } } },
    { { 0x0c, 0x0b, 0x0c, 0x00, 0x00, 0x00, 0x00, 0x00, 0x01, 0x00, 0x02, 0x00 }, {/* spell #102 */
        { 0 } } },
    { { 0x12, 0x11, 0x06, 0x00, 0x11, 0x02, 0x15, 0x04, 0x04, 0x00, 0x00, 0x00, 0x00, 0x00, 0x00, 0x00, 0x00, 0x00 }, {/* spell #103 */
        { 0 } } },
    { { 0x40, 0x3e, 0x06, 0x00, 0x00, 0x20, 0x00, 0x00, 0x03, 0x00, 0x01, 0x00, 0x00, 0x00, 0x03, 0x81, 0x00, 0x00, 0x00, 0x01, 0x01, 0x02, 0x00, 0x00, 0x00, 0x00, 0x00, 0x00, 0x00, 0x00, 0x00, 0x00, 0x00, 0x01, 0x00, 0x03, 0x03, 0x00, 0x0b, 0xb5, 0x02, 0x00, 0x00, 0x00, 0x00, 0x10, 0x00, 0x00, 0x02, 0x01, 0x02, 0x03, 0x04, 0x05, 0x00, 0x02, 0x02, 0x02, 0x00, 0x03, 0x00, 0x00, 0x00, 0x00 }, {/* spell #104 */
        { 0x06, 0x05, 0x03, 0x0a, 0x01, 0x00 },                 /* reply #104.1 */
        { 0 } } },
    { { 0x0c, 0x0b, 0x0c, 0x00, 0x00, 0x00, 0x02, 0x37, 0x01, 0x00, 0x01, 0x00 }, {/* spell #105 */
        { 0x06, 0x05, 0x03, 0x0a, 0x00, 0x00 },                 /* reply #105.1 */
        { 0 } } },
    { { 0x0c, 0x0b, 0x0c, 0x00, 0x00, 0x00, 0x00, 0x00, 0x01, 0x00, 0x02, 0x00 }, {/* spell #106 */
        { 0 } } },
    { { 0x0c, 0x0b, 0x0c, 0x00, 0x00, 0x00, 0x02, 0x37, 0x01, 0x00, 0x01, 0x00 }, {/* spell #107 */
        { 0 } } },
    { { 0x40, 0x3e, 0x06, 0x00, 0x00, 0x20, 0x00, 0x00, 0x03, 0x00, 0x01, 0x00, 0x00, 0x00, 0x03, 0x81, 0x00, 0x00, 0x00, 0x01, 0x01, 0x02, 0x00, 0x00, 0x00, 0x00, 0x00, 0x00, 0x00, 0x00, 0x00, 0x00, 0x00, 0x01, 0x00, 0x03, 0x03, 0x00, 0x0b, 0xb5, 0x02, 0x00, 0x00, 0x00, 0x00, 0x07, 0x00, 0x00, 0x02, 0x01, 0x02, 0x03, 0x04, 0x05, 0x00, 0x02, 0x02, 0x02, 0x00, 0x03, 0x00, 0x00, 0x00, 0x00 }, {/* spell #108 */
        { 0 } } },
    { { 0x40, 0x3e, 0x06, 0x00, 0x00, 0x20, 0x00, 0x00, 0x0a, 0x00, 0x01, 0x00, 0x00, 0x00, 0x03, 0x81, 0x00, 0x00, 0x00, 0x01, 0x01, 0x02, 0x00, 0x00, 0x00, 0x00, 0x00, 0x00, 0x00, 0x00, 0x00, 0x00, 0x00, 0x01, 0x00, 0x03, 0x03, 0x00, 0x0b, 0xb5, 0x02, 0x00, 0x00, 0x00, 0x00, 0x07, 0x00, 0x00, 0x02, 0x01, 0x02, 0x03, 0x04, 0x05, 0x00, 0x02, 0x02, 0x02, 0x00, 0x03, 0x00, 0x00, 0x00, 0x00 }, {/* spell #109 */
        { 0 } } },
    { { 0x40, 0x3e, 0x06, 0x00, 0x00, 0x20, 0x00, 0x00, 0x03, 0x00, 0x01, 0x00, 0x00, 0x00, 0x03, 0x81, 0x00, 0x00, 0x00, 0x01, 0x01, 0x02, 0x00, 0x00, 0x00, 0x00, 0x00, 0x00, 0x00, 0x00, 0x00, 0x00, 0x00, 0x01, 0x00, 0x03, 0x03, 0x00, 0x0b, 0xb5, 0x02, 0x00, 0x00, 0x00, 0x00, 0x07, 0x00, 0x00, 0x02, 0x01, 0x02, 0x03, 0x04, 0x05, 0x00, 0x02, 0x02, 0x02, 0x00, 0x03, 0x00, 0x00, 0x00, 0x00 }, {/* spell #110 */
        { 0x06, 0x05, 0x03, 0x1a, 0xff, 0x00 },                 /* reply #110.1 */
        { 0 } } },
    { { 0x0c, 0x0b, 0x0c, 0x00, 0x00, 0x00, 0x00, 0x00, 0x01, 0x00, 0x02, 0x00 }, {/* spell #111 */
        { 0 } } },
    { { 0x12, 0x11, 0x06, 0x00, 0x11, 0x02, 0x01, 0x04, 0x04, 0x01, 0x0a, 0x76, 0x01, 0x00, 0x00, 0x20, 0x00, 0x00 }, {/* spell #112 */
        { 0 } } },
    { { 0x40, 0x3e, 0x06, 0x00, 0x00, 0x20, 0x00, 0x00, 0x0b, 0x00, 0x01, 0x00, 0x00, 0x00, 0x03, 0x81, 0x00, 0x00, 0x00, 0x01, 0x01, 0x02, 0x00, 0x00, 0x00, 0x00, 0x00, 0x00, 0x00, 0x00, 0x00, 0x00, 0x00, 0x01, 0x00, 0x03, 0x03, 0x00, 0x0b, 0xb5, 0x02, 0x00, 0x00, 0x00, 0x00, 0x07, 0x00, 0x00, 0x02, 0x01, 0x02, 0x03, 0x04, 0x05, 0x00, 0x02, 0x02, 0x02, 0x00, 0x03, 0x00, 0x00, 0x00, 0x00 }, {/* spell #113 */
        { 0x06, 0x05, 0x03, 0x0a, 0x01, 0x00 },                 /* reply #113.1 */
        { 0 } } },
    { { 0x0c, 0x0b, 0x0c, 0x00, 0x00, 0x00, 0x02, 0x37, 0x01, 0x00, 0x01, 0x00 }, {/* spell #114 */
        { 0x06, 0x05, 0x03, 0x0a, 0x00, 0x00 },                 /* reply #114.1 */
        { 0 } } },
    { { 0x0c, 0x0b, 0x0c, 0x00, 0x00, 0x00, 0x00, 0x00, 0x01, 0x00, 0x02, 0x00 }, {/* spell #115 */
        { 0 } } },
    { { 0x12, 0x11, 0x06, 0x00, 0x11, 0x02, 0x15, 0x04, 0x04, 0x00, 0x00, 0x00, 0x00, 0x00, 0x00, 0x00, 0x00, 0x00 }, {/* spell #116 */
        { 0 } } },
    { { 0x40, 0x3e, 0x06, 0x00, 0x00, 0x20, 0x00, 0x00, 0x03, 0x00, 0x01, 0x00, 0x00, 0x00, 0x03, 0x81, 0x00, 0x00, 0x00, 0x01, 0x01, 0x02, 0x00, 0x00, 0x00, 0x00, 0x00, 0x00, 0x00, 0x00, 0x00, 0x00, 0x00, 0x01, 0x00, 0x03, 0x03, 0x00, 0x0b, 0xb5, 0x02, 0x00, 0x00, 0x00, 0x00, 0x07, 0x00, 0x00, 0x02, 0x01, 0x02, 0x03, 0x04, 0x05, 0x00, 0x02, 0x02, 0x02, 0x00, 0x03, 0x00, 0x00, 0x00, 0x00 }, {/* spell #117 */
        { 0x06, 0x05, 0x03, 0x0a, 0x01, 0x00 },                 /* reply #117.1 */
        { 0 } } },
    { { 0x0c, 0x0b, 0x0c, 0x00, 0x00, 0x00, 0x02, 0x37, 0x01, 0x00, 0x01, 0x00 }, {/* spell #118 */
        { 0x06, 0x05, 0x03, 0x0a, 0x00, 0x00 },                 /* reply #118.1 */
        { 0 } } },
    { { 0x0c, 0x0b, 0x0c, 0x00, 0x00, 0x00, 0x00, 0x00, 0x01, 0x00, 0x02, 0x00 }, {/* spell #119 */
        { 0 } } },
    { { 0x0c, 0x0b, 0x0c, 0x00, 0x00, 0x00, 0x02, 0x37, 0x01, 0x00, 0x01, 0x00 }, {/* spell #120 */
        { 0 } } },
    { { 0x54, 0x53, 0x06, 0x00, 0x46, 0x20, 0x01, 0x01, 0x68, 0xa8, 0x00, 0xa8, 0x00, 0x01, 0x01, 0x48, 0x18, 0x28, 0x00, 0x00, 0x00, 0x00, 0x00, 0x00, 0x00, 0x00, 0x00, 0x04, 0x00, 0x03, 0x00, 0x01, 0x04, 0x00, 0x00, 0x03, 0x81, 0x00, 0x00, 0x00, 0x01, 0x01, 0x02, 0x00, 0x00, 0x00, 0x00, 0x00, 0x00, 0x00, 0x00, 0x00, 0x00, 0x00, 0x01, 0x00, 0x03, 0x03, 0x00, 0x0b, 0xb5, 0x02, 0x00, 0x00, 0x00, 0x00, 0x04, 0x00, 0x00, 0x02, 0x01, 0x02, 0x03, 0x04, 0x05, 0x00, 0x02, 0x02, 0x02, 0x00, 0x03, 0x00, 0x00, 0x00 }, {/* spell #121 */
        { 0x06, 0x05, 0x03, 0x1a, 0xff, 0x00 },                 /* reply #121.1 */
        { 0 } } },
    { { 0x40, 0x3e, 0x06, 0x00, 0x00, 0x20, 0x04, 0x00, 0x0a, 0x00, 0x01, 0x04, 0x00, 0x00, 0x03, 0x81, 0x00, 0x00, 0x00, 0x01, 0x01, 0x02, 0x00, 0x00, 0x00, 0x00, 0x00, 0x00, 0x00, 0x00, 0x00, 0x00, 0x00, 0x01, 0x00, 0x03, 0x03, 0x00, 0x0b, 0xb5, 0x02, 0x00, 0x00, 0x00, 0x00, 0x04, 0x00, 0x00, 0x02, 0x01, 0x02, 0x03, 0x04, 0x05, 0x00, 0x02, 0x02, 0x02, 0x00, 0x03, 0x00, 0x00, 0x00, 0x00 }, {/* spell #122 */
        { 0 } } },
    { { 0x40, 0x3e, 0x06, 0x00, 0x00, 0x20, 0x04, 0x00, 0x03, 0x00, 0x01, 0x04, 0x00, 0x00, 0x03, 0x81, 0x00, 0x00, 0x00, 0x01, 0x01, 0x02, 0x00, 0x00, 0x00, 0x00, 0x00, 0x00, 0x00, 0x00, 0x00, 0x00, 0x00, 0x01, 0x00, 0x03, 0x03, 0x00, 0x0b, 0xb5, 0x02, 0x00, 0x00, 0x00, 0x00, 0x04, 0x00, 0x00, 0x02, 0x01, 0x02, 0x03, 0x04, 0x05, 0x00, 0x02, 0x02, 0x02, 0x00, 0x03, 0x00, 0x00, 0x00, 0x00 }, {/* spell #123 */
        { 0 } } },
    { { 0x0c, 0x0b, 0x0c, 0x00, 0x00, 0x00, 0x00, 0x00, 0x01, 0x00, 0x02, 0x00 }, {/* spell #124 */
        { 0 } } },
    { { 0x0e, 0x0c, 0x06, 0x00, 0x11, 0x00, 0x01, 0x04, 0x04, 0x01, 0x0a, 0x76, 0x00, 0x00 }, {/* spell #125 */
        { 0 } } },
    { { 0x40, 0x3e, 0x06, 0x00, 0x00, 0x20, 0x04, 0x00, 0x0b, 0x00, 0x01, 0x04, 0x00, 0x00, 0x03, 0x81, 0x00, 0x00, 0x00, 0x01, 0x01, 0x02, 0x00, 0x00, 0x00, 0x00, 0x00, 0x00, 0x00, 0x00, 0x00, 0x00, 0x00, 0x01, 0x00, 0x03, 0x03, 0x00, 0x0b, 0xb5, 0x02, 0x00, 0x00, 0x00, 0x00, 0x04, 0x00, 0x00, 0x02, 0x01, 0x02, 0x03, 0x04, 0x05, 0x00, 0x02, 0x02, 0x02, 0x00, 0x03, 0x00, 0x00, 0x00, 0x00 }, {/* spell #126 */
        { 0x06, 0x05, 0x03, 0x0a, 0x01, 0x00 },                 /* reply #126.1 */
        { 0 } } },
    { { 0x0c, 0x0b, 0x0c, 0x00, 0x00, 0x00, 0x02, 0x37, 0x01, 0x00, 0x01, 0x00 }, {/* spell #127 */
        { 0x06, 0x05, 0x03, 0x0a, 0x00, 0x00 },                 /* reply #127.1 */
        { 0 } } },
    { { 0x0c, 0x0b, 0x0c, 0x00, 0x00, 0x00, 0x00, 0x00, 0x01, 0x00, 0x02, 0x00 }, {/* spell #128 */
        { 0 } } },
    { { 0x0e, 0x0c, 0x06, 0x00, 0x11, 0x00, 0x15, 0x04, 0x04, 0x00, 0x00, 0x00, 0x00, 0x00 }, {/* spell #129 */
        { 0 } } },
    { { 0x40, 0x3e, 0x06, 0x00, 0x00, 0x20, 0x04, 0x00, 0x03, 0x00, 0x01, 0x04, 0x00, 0x00, 0x03, 0x81, 0x00, 0x00, 0x00, 0x01, 0x01, 0x02, 0x00, 0x00, 0x00, 0x00, 0x00, 0x00, 0x00, 0x00, 0x00, 0x00, 0x00, 0x01, 0x00, 0x03, 0x03, 0x00, 0x0b, 0xb5, 0x02, 0x00, 0x00, 0x00, 0x00, 0x04, 0x00, 0x00, 0x02, 0x01, 0x02, 0x03, 0x04, 0x05, 0x00, 0x02, 0x02, 0x02, 0x00, 0x03, 0x00, 0x00, 0x00, 0x00 }, {/* spell #130 */
        { 0x06, 0x05, 0x03, 0x0a, 0x01, 0x00 },                 /* reply #130.1 */
        { 0 } } },
    { { 0x0c, 0x0b, 0x0c, 0x00, 0x00, 0x00, 0x02, 0x37, 0x01, 0x00, 0x01, 0x00 }, {/* spell #131 */
        { 0x06, 0x05, 0x03, 0x0a, 0x00, 0x00 },                 /* reply #131.1 */
        { 0 } } },
    { { 0x0c, 0x0b, 0x0c, 0x00, 0x00, 0x00, 0x00, 0x00, 0x01, 0x00, 0x02, 0x00 }, {/* spell #132 */
        { 0 } } },
    { { 0x0c, 0x0b, 0x0c, 0x00, 0x00, 0x00, 0x02, 0x37, 0x01, 0x00, 0x01, 0x00 }, {/* spell #133 */
        { 0 } } },
    { { 0x54, 0x53, 0x06, 0x00, 0x46, 0x20, 0x01, 0x01, 0x68, 0xd8, 0x00, 0x68, 0x00, 0x01, 0x01, 0x48, 0x18, 0x33, 0x00, 0x01, 0x01, 0x03, 0x00, 0x00, 0x00, 0x00, 0x01, 0x03, 0x00, 0x03, 0x00, 0x01, 0x04, 0x00, 0x00, 0x03, 0x81, 0x00, 0x00, 0x00, 0x01, 0x01, 0x02, 0x00, 0x00, 0x00, 0x00, 0x00, 0x00, 0x00, 0x00, 0x00, 0x00, 0x00, 0x01, 0x00, 0x03, 0x03, 0x00, 0x0b, 0xb5, 0x02, 0x00, 0x00, 0x00, 0x00, 0x03, 0x00, 0x00, 0x02, 0x01, 0x02, 0x03, 0x04, 0x05, 0x00, 0x02, 0x02, 0x02, 0x00, 0x03, 0x00, 0x00, 0x00 }, {/* spell #134 */
        { 0 } } },
    { { 0x40, 0x3e, 0x06, 0x00, 0x00, 0x20, 0x03, 0x00, 0x0a, 0x00, 0x01, 0x04, 0x00, 0x00, 0x03, 0x81, 0x00, 0x00, 0x00, 0x01, 0x01, 0x02, 0x00, 0x00, 0x00, 0x00, 0x00, 0x00, 0x00, 0x00, 0x00, 0x00, 0x00, 0x01, 0x00, 0x03, 0x03, 0x00, 0x0b, 0xb5, 0x02, 0x00, 0x00, 0x00, 0x00, 0x03, 0x00, 0x00, 0x02, 0x01, 0x02, 0x03, 0x04, 0x05, 0x00, 0x02, 0x02, 0x02, 0x00, 0x03, 0x00, 0x00, 0x00, 0x00 }, {/* spell #135 */
        { 0 } } },
    { { 0x40, 0x3e, 0x06, 0x00, 0x00, 0x20, 0x03, 0x00, 0x03, 0x00, 0x01, 0x04, 0x00, 0x00, 0x03, 0x81, 0x00, 0x00, 0x00, 0x01, 0x01, 0x02, 0x00, 0x00, 0x00, 0x00, 0x00, 0x00, 0x00, 0x00, 0x00, 0x00, 0x00, 0x01, 0x00, 0x03, 0x03, 0x00, 0x0b, 0xb5, 0x02, 0x00, 0x00, 0x00, 0x00, 0x03, 0x00, 0x00, 0x02, 0x01, 0x02, 0x03, 0x04, 0x05, 0x00, 0x02, 0x02, 0x02, 0x00, 0x03, 0x00, 0x00, 0x00, 0x00 }, {/* spell #136 */
        { 0x06, 0x05, 0x03, 0x1a, 0xff, 0x00 },                 /* reply #136.1 */
        { 0 } } },
    { { 0x0c, 0x0b, 0x0c, 0x00, 0x00, 0x00, 0x00, 0x00, 0x01, 0x00, 0x02, 0x00 }, {/* spell #137 */
        { 0 } } },
    { { 0x12, 0x11, 0x06, 0x00, 0x11, 0x02, 0x01, 0x04, 0x04, 0x01, 0x0a, 0x76, 0x01, 0x00, 0x00, 0x40, 0x00, 0x00 }, {/* spell #138 */
        { 0 } } },
    { { 0x40, 0x3e, 0x06, 0x00, 0x00, 0x20, 0x03, 0x00, 0x0b, 0x00, 0x01, 0x04, 0x00, 0x00, 0x03, 0x81, 0x00, 0x00, 0x00, 0x01, 0x01, 0x02, 0x00, 0x00, 0x00, 0x00, 0x00, 0x00, 0x00, 0x00, 0x00, 0x00, 0x00, 0x01, 0x00, 0x03, 0x03, 0x00, 0x0b, 0xb5, 0x02, 0x00, 0x00, 0x00, 0x00, 0x03, 0x00, 0x00, 0x02, 0x01, 0x02, 0x03, 0x04, 0x05, 0x00, 0x02, 0x02, 0x02, 0x00, 0x03, 0x00, 0x00, 0x00, 0x00 }, {/* spell #139 */
        { 0x06, 0x05, 0x03, 0x0a, 0x01, 0x00 },                 /* reply #139.1 */
        { 0 } } },
    { { 0x0c, 0x0b, 0x0c, 0x00, 0x00, 0x00, 0x02, 0x37, 0x01, 0x00, 0x01, 0x00 }, {/* spell #140 */
        { 0x06, 0x05, 0x03, 0x0a, 0x00, 0x00 },                 /* reply #140.1 */
        { 0 } } },
    { { 0x0c, 0x0b, 0x0c, 0x00, 0x00, 0x00, 0x00, 0x00, 0x01, 0x00, 0x02, 0x00 }, {/* spell #141 */
        { 0 } } },
    { { 0x0c, 0x0b, 0x0c, 0x00, 0x00, 0x00, 0x02, 0x37, 0x01, 0x00, 0x01, 0x00 }, {/* spell #142 */
        { 0 } } },
    { { 0x0a, 0x08, 0x06, 0x00, 0x01, 0x00, 0x01, 0x84, 0x00, 0x00 }, {/* spell #143 */
        { 0x06, 0x05, 0x03, 0x19, 0x01, 0x00 },                 /* reply #143.1, PROP_TFT_STATUS */
        { 0 } } },
    { { 0x0c, 0x0b, 0x0c, 0x00, 0x00, 0x00, 0x00, 0x00, 0x01, 0x00, 0x02, 0x00 }, {/* spell #144 */
        { 0 } } },
    { { 0x0c, 0x0b, 0x0c, 0x00, 0x00, 0x00, 0x02, 0x37, 0x01, 0x00, 0x01, 0x00 }, {/* spell #145 */
        { 0 } } },
    { { 0x0e, 0x0d, 0x06, 0x00, 0x02, 0x00, 0x01, 0x01, 0x68, 0xd8, 0x00, 0x65, 0x00, 0x00 }, {/* spell #146 */
        { 0x06, 0x05, 0x03, 0x19, 0xff, 0x00 },                 /* reply #146.1, PROP_TFT_STATUS */
        { 0 } } },
    { { 0x0c, 0x0b, 0x0c, 0x00, 0x00, 0x00, 0x00, 0x00, 0x01, 0x00, 0x02, 0x00 }, {/* spell #147 */
        { 0 } } },
    { { 0x0c, 0x0b, 0x0c, 0x00, 0x00, 0x00, 0x02, 0x37, 0x01, 0x00, 0x01, 0x00 }, {/* spell #148 */
        { 0 } } },
    { { 0x0e, 0x0d, 0x06, 0x00, 0x02, 0x00, 0x01, 0x01, 0x68, 0xd8, 0x00, 0x63, 0x00, 0x00 }, {/* spell #149 */
        { 0x06, 0x05, 0x03, 0x19, 0xff, 0x00 },                 /* reply #149.1, PROP_TFT_STATUS */
        { 0 } } },
    { { 0x0c, 0x0b, 0x0c, 0x00, 0x00, 0x00, 0x00, 0x00, 0x01, 0x00, 0x02, 0x00 }, {/* spell #150 */
        { 0 } } },
    { { 0x0c, 0x0b, 0x0c, 0x00, 0x00, 0x00, 0x02, 0x37, 0x01, 0x00, 0x01, 0x00 }, {/* spell #151 */
        { 0 } } },
    { { 0x0e, 0x0d, 0x06, 0x00, 0x02, 0x00, 0x01, 0x01, 0x68, 0xd8, 0x00, 0x60, 0x00, 0x00 }, {/* spell #152 */
        { 0x06, 0x05, 0x03, 0x19, 0xff, 0x00 },                 /* reply #152.1, PROP_TFT_STATUS */
        { 0 } } },
    { { 0x0c, 0x0b, 0x0c, 0x00, 0x00, 0x00, 0x00, 0x00, 0x01, 0x00, 0x02, 0x00 }, {/* spell #153 */
        { 0 } } },
    { { 0x0c, 0x0b, 0x0c, 0x00, 0x00, 0x00, 0x02, 0x37, 0x01, 0x00, 0x01, 0x00 }, {/* spell #154 */
        { 0 } } },
    { { 0x0e, 0x0d, 0x06, 0x00, 0x02, 0x00, 0x01, 0x01, 0x68, 0xd8, 0x00, 0x5d, 0x00, 0x00 }, {/* spell #155 */
        { 0 } } },
    { { 0x0a, 0x08, 0x06, 0x00, 0x01, 0x00, 0x01, 0x04, 0x00, 0x00 }, {/* spell #156 */
        { 0x06, 0x05, 0x03, 0x19, 0xff, 0x00 },                 /* reply #156.1, PROP_TFT_STATUS */
        { 0 } } },
    { { 0x0c, 0x0b, 0x0c, 0x00, 0x00, 0x00, 0x00, 0x00, 0x01, 0x00, 0x02, 0x00 }, {/* spell #157 */
        { 0 } } },
    { { 0x0c, 0x0b, 0x0c, 0x00, 0x00, 0x00, 0x02, 0x37, 0x01, 0x00, 0x01, 0x00 }, {/* spell #158 */
        { 0 } } },
    { { 0x10, 0x0f, 0x06, 0x00, 0x03, 0x00, 0x01, 0x84, 0x01, 0x01, 0x68, 0xd8, 0x00, 0x5b, 0x00, 0x00 }, {/* spell #159 */
        { 0x06, 0x05, 0x03, 0x19, 0xff, 0x00 },                 /* reply #159.1, PROP_TFT_STATUS */
        { 0 } } },
    { { 0x0c, 0x0b, 0x0c, 0x00, 0x00, 0x00, 0x00, 0x00, 0x01, 0x00, 0x02, 0x00 }, {/* spell #160 */
        { 0 } } },
    { { 0x0c, 0x0b, 0x0c, 0x00, 0x00, 0x00, 0x02, 0x37, 0x01, 0x00, 0x01, 0x00 }, {/* spell #161 */
        { 0 } } },
    { { 0x0e, 0x0d, 0x06, 0x00, 0x02, 0x00, 0x01, 0x01, 0x68, 0xd8, 0x00, 0x58, 0x00, 0x00 }, {/* spell #162 */
        { 0 } } },
    { { 0x0a, 0x08, 0x06, 0x00, 0x01, 0x00, 0x01, 0x04, 0x00, 0x00 }, {/* spell #163 */
        { 0x06, 0x05, 0x03, 0x19, 0xff, 0x00 },                 /* reply #163.1, PROP_TFT_STATUS */
        { 0 } } },
    { { 0x0c, 0x0b, 0x0c, 0x00, 0x00, 0x00, 0x00, 0x00, 0x01, 0x00, 0x02, 0x00 }, {/* spell #164 */
        { 0 } } },
    { { 0x0c, 0x0b, 0x0c, 0x00, 0x00, 0x00, 0x02, 0x37, 0x01, 0x00, 0x01, 0x00 }, {/* spell #165 */
        { 0 } } },
    { { 0x10, 0x0f, 0x06, 0x00, 0x03, 0x00, 0x01, 0x84, 0x01, 0x01, 0x68, 0xd8, 0x00, 0x55, 0x00, 0x00 }, {/* spell #166 */
        { 0x06, 0x05, 0x03, 0x19, 0xff, 0x00 },                 /* reply #166.1, PROP_TFT_STATUS */
        { 0 } } },
    { { 0x0c, 0x0b, 0x0c, 0x00, 0x00, 0x00, 0x00, 0x00, 0x01, 0x00, 0x02, 0x00 }, {/* spell #167 */
        { 0 } } },
    { { 0x0c, 0x0b, 0x0c, 0x00, 0x00, 0x00, 0x02, 0x37, 0x01, 0x00, 0x01, 0x00 }, {/* spell #168 */
        { 0 } } },
    { { 0x0e, 0x0d, 0x06, 0x00, 0x02, 0x00, 0x01, 0x01, 0x68, 0xd8, 0x00, 0x53, 0x00, 0x00 }, {/* spell #169 */
        { 0x06, 0x05, 0x03, 0x19, 0xff, 0x00 },                 /* reply #169.1, PROP_TFT_STATUS */
        { 0 } } },
    { { 0x0a, 0x08, 0x06, 0x00, 0x01, 0x00, 0x01, 0x04, 0x00, 0x00 }, {/* spell #170 */
        { 0 } } },
    { { 0x0c, 0x0b, 0x0c, 0x00, 0x00, 0x00, 0x00, 0x00, 0x01, 0x00, 0x02, 0x00 }, {/* spell #171 */
        { 0 } } },
    { { 0x0c, 0x0b, 0x0c, 0x00, 0x00, 0x00, 0x02, 0x37, 0x01, 0x00, 0x01, 0x00 }, {/* spell #172 */
        { 0 } } },
    { { 0x10, 0x0f, 0x06, 0x00, 0x03, 0x00, 0x01, 0x84, 0x01, 0x01, 0x68, 0xd8, 0x00, 0x50, 0x00, 0x00 }, {/* spell #173 */
        { 0x06, 0x05, 0x03, 0x19, 0xff, 0x00 },                 /* reply #173.1, PROP_TFT_STATUS */
        { 0 } } },
    { { 0x0c, 0x0b, 0x0c, 0x00, 0x00, 0x00, 0x00, 0x00, 0x01, 0x00, 0x02, 0x00 }, {/* spell #174 */
        { 0 } } },
    { { 0x0c, 0x0b, 0x0c, 0x00, 0x00, 0x00, 0x02, 0x37, 0x01, 0x00, 0x01, 0x00 }, {/* spell #175 */
        { 0 } } },
    { { 0x0e, 0x0d, 0x06, 0x00, 0x02, 0x00, 0x01, 0x01, 0x68, 0xd8, 0x00, 0x4d, 0x00, 0x00 }, {/* spell #176 */
        { 0x06, 0x05, 0x03, 0x19, 0xff, 0x00 },                 /* reply #176.1, PROP_TFT_STATUS */
        { 0 } } },
    { { 0x0c, 0x0b, 0x0c, 0x00, 0x00, 0x00, 0x00, 0x00, 0x01, 0x00, 0x02, 0x00 }, {/* spell #177 */
        { 0 } } },
    { { 0x0c, 0x0b, 0x0c, 0x00, 0x00, 0x00, 0x02, 0x37, 0x01, 0x00, 0x01, 0x00 }, {/* spell #178 */
        { 0 } } },
    { { 0x10, 0x0f, 0x06, 0x00, 0x03, 0x00, 0x01, 0x04, 0x01, 0x01, 0x68, 0xd8, 0x00, 0x4b, 0x00, 0x00 }, {/* spell #179 */
        { 0x06, 0x05, 0x03, 0x19, 0xff, 0x00 },                 /* reply #179.1, PROP_TFT_STATUS */
        { 0 } } },
    { { 0x0c, 0x0b, 0x0c, 0x00, 0x00, 0x00, 0x00, 0x00, 0x01, 0x00, 0x02, 0x00 }, {/* spell #180 */
        { 0 } } },
    { { 0x0c, 0x0b, 0x0c, 0x00, 0x00, 0x00, 0x02, 0x37, 0x01, 0x00, 0x01, 0x00 }, {/* spell #181 */
        { 0 } } },
    { { 0x10, 0x0f, 0x06, 0x00, 0x03, 0x00, 0x01, 0x84, 0x01, 0x01, 0x68, 0xd8, 0x00, 0x48, 0x00, 0x00 }, {/* spell #182 */
        { 0x06, 0x05, 0x03, 0x19, 0xff, 0x00 },                 /* reply #182.1, PROP_TFT_STATUS */
        { 0 } } },
    { { 0x0c, 0x0b, 0x0c, 0x00, 0x00, 0x00, 0x00, 0x00, 0x01, 0x00, 0x02, 0x00 }, {/* spell #183 */
        { 0 } } },
    { { 0x0c, 0x0b, 0x0c, 0x00, 0x00, 0x00, 0x02, 0x37, 0x01, 0x00, 0x01, 0x00 }, {/* spell #184 */
        { 0 } } },
    { { 0x0e, 0x0d, 0x06, 0x00, 0x02, 0x00, 0x01, 0x01, 0x68, 0xd8, 0x00, 0x45, 0x00, 0x00 }, {/* spell #185 */
        { 0x06, 0x05, 0x03, 0x19, 0xff, 0x00 },                 /* reply #185.1, PROP_TFT_STATUS */
        { 0 } } },
    { { 0x0c, 0x0b, 0x0c, 0x00, 0x00, 0x00, 0x00, 0x00, 0x01, 0x00, 0x02, 0x00 }, {/* spell #186 */
        { 0 } } },
    { { 0x0c, 0x0b, 0x0c, 0x00, 0x00, 0x00, 0x02, 0x37, 0x01, 0x00, 0x01, 0x00 }, {/* spell #187 */
        { 0 } } },
    { { 0x0e, 0x0d, 0x06, 0x00, 0x02, 0x00, 0x01, 0x01, 0x68, 0xd8, 0x00, 0x43, 0x00, 0x00 }, {/* spell #188 */
        { 0x06, 0x05, 0x03, 0x19, 0xff, 0x00 },                 /* reply #188.1, PROP_TFT_STATUS */
        { 0 } } },
    { { 0x0c, 0x0b, 0x0c, 0x00, 0x00, 0x00, 0x00, 0x00, 0x01, 0x00, 0x02, 0x00 }, {/* spell #189 */
        { 0 } } },
    { { 0x0c, 0x0b, 0x0c, 0x00, 0x00, 0x00, 0x02, 0x37, 0x01, 0x00, 0x01, 0x00 }, {/* spell #190 */
        { 0 } } },
    { { 0x0e, 0x0d, 0x06, 0x00, 0x02, 0x00, 0x01, 0x01, 0x68, 0xd8, 0x00, 0x40, 0x00, 0x00 }, {/* spell #191 */
        { 0x06, 0x05, 0x03, 0x19, 0xff, 0x00 },                 /* reply #191.1, PROP_TFT_STATUS */
        { 0 } } },
    { { 0x0c, 0x0b, 0x0c, 0x00, 0x00, 0x00, 0x00, 0x00, 0x01, 0x00, 0x02, 0x00 }, {/* spell #192 */
        { 0 } } },
    { { 0x0c, 0x0b, 0x0c, 0x00, 0x00, 0x00, 0x02, 0x37, 0x01, 0x00, 0x01, 0x00 }, {/* spell #193 */
        { 0x06, 0x05, 0x03, 0x19, 0xff, 0x00 },                 /* reply #193.1, PROP_TFT_STATUS */
        { 0 } } },
    { { 0x0e, 0x0d, 0x06, 0x00, 0x02, 0x00, 0x01, 0x01, 0x68, 0xd8, 0x00, 0x3d, 0x00, 0x00 }, {/* spell #194 */
        { 0 } } },
    { { 0x0c, 0x0b, 0x0c, 0x00, 0x00, 0x00, 0x00, 0x00, 0x01, 0x00, 0x02, 0x00 }, {/* spell #195 */
        { 0 } } },
    { { 0x0c, 0x0b, 0x0c, 0x00, 0x00, 0x00, 0x02, 0x37, 0x01, 0x00, 0x01, 0x00 }, {/* spell #196 */
        { 0 } } },
    { { 0x0e, 0x0d, 0x06, 0x00, 0x02, 0x00, 0x01, 0x01, 0x68, 0xd8, 0x00, 0x3b, 0x00, 0x00 }, {/* spell #197 */
        { 0x06, 0x05, 0x03, 0x19, 0xff, 0x00 },                 /* reply #197.1, PROP_TFT_STATUS */
        { 0 } } },
    { { 0x0a, 0x08, 0x06, 0x00, 0x01, 0x00, 0x01, 0x04, 0x00, 0x00 }, {/* spell #198 */
        { 0 } } },
    { { 0x0c, 0x0b, 0x0c, 0x00, 0x00, 0x00, 0x00, 0x00, 0x01, 0x00, 0x02, 0x00 }, {/* spell #199 */
        { 0 } } },
    { { 0x0c, 0x0b, 0x0c, 0x00, 0x00, 0x00, 0x02, 0x37, 0x01, 0x00, 0x01, 0x00 }, {/* spell #200 */
        { 0 } } },
    { { 0x10, 0x0f, 0x06, 0x00, 0x03, 0x00, 0x01, 0x84, 0x01, 0x01, 0x68, 0xd8, 0x00, 0x38, 0x00, 0x00 }, {/* spell #201 */
        { 0x06, 0x05, 0x03, 0x19, 0xff, 0x00 },                 /* reply #201.1, PROP_TFT_STATUS */
        { 0 } } },
    { { 0x0c, 0x0b, 0x0c, 0x00, 0x00, 0x00, 0x00, 0x00, 0x01, 0x00, 0x02, 0x00 }, {/* spell #202 */
        { 0 } } },
    { { 0x0c, 0x0b, 0x0c, 0x00, 0x00, 0x00, 0x02, 0x37, 0x01, 0x00, 0x01, 0x00 }, {/* spell #203 */
        { 0 } } },
    { { 0x0e, 0x0d, 0x06, 0x00, 0x02, 0x00, 0x01, 0x01, 0x68, 0xd8, 0x00, 0x35, 0x00, 0x00 }, {/* spell #204 */
        { 0x06, 0x05, 0x03, 0x19, 0xff, 0x00 },                 /* reply #204.1, PROP_TFT_STATUS */
        { 0 } } },
    { { 0x0c, 0x0b, 0x0c, 0x00, 0x00, 0x00, 0x00, 0x00, 0x01, 0x00, 0x02, 0x00 }, {/* spell #205 */
        { 0 } } },
    { { 0x0c, 0x0b, 0x0c, 0x00, 0x00, 0x00, 0x02, 0x37, 0x01, 0x00, 0x01, 0x00 }, {/* spell #206 */
        { 0 } } },
    { { 0x0e, 0x0d, 0x06, 0x00, 0x02, 0x00, 0x01, 0x01, 0x68, 0xd8, 0x00, 0x33, 0x00, 0x00 }, {/* spell #207 */
        { 0x06, 0x05, 0x03, 0x19, 0xff, 0x00 },                 /* reply #207.1, PROP_TFT_STATUS */
        { 0 } } },
    { { 0x0c, 0x0b, 0x0c, 0x00, 0x00, 0x00, 0x00, 0x00, 0x01, 0x00, 0x02, 0x00 }, {/* spell #208 */
        { 0 } } },
    { { 0x0c, 0x0b, 0x0c, 0x00, 0x00, 0x00, 0x02, 0x37, 0x01, 0x00, 0x01, 0x00 }, {/* spell #209 */
        { 0 } } },
    { { 0x0e, 0x0d, 0x06, 0x00, 0x02, 0x00, 0x01, 0x01, 0x68, 0xd8, 0x00, 0x30, 0x00, 0x00 }, {/* spell #210 */
        { 0x06, 0x05, 0x03, 0x19, 0xff, 0x00 },                 /* reply #210.1, PROP_TFT_STATUS */
        { 0 } } },
    { { 0x0c, 0x0b, 0x0c, 0x00, 0x00, 0x00, 0x00, 0x00, 0x01, 0x00, 0x02, 0x00 }, {/* spell #211 */
        { 0 } } },
    { { 0x0c, 0x0b, 0x0c, 0x00, 0x00, 0x00, 0x02, 0x37, 0x01, 0x00, 0x01, 0x00 }, {/* spell #212 */
        { 0 } } },
    { { 0x0e, 0x0d, 0x06, 0x00, 0x02, 0x00, 0x01, 0x01, 0x68, 0xd8, 0x00, 0x2d, 0x00, 0x00 }, {/* spell #213 */
        { 0x06, 0x05, 0x03, 0x19, 0xff, 0x00 },                 /* reply #213.1, PROP_TFT_STATUS */
        { 0x0a, 0x08, 0x07, 0x00, 0x02, 0x22, 0x1d, 0x19, 0x00, 0x00 },/* reply #213.2 */
        { 0x1e, 0x1c, 0x07, 0x03, 0x97, 0x15, 0x94, 0x2e, 0x89, 0x88, 0x21, 0x02, 0x06, 0x54, 0x0c, 0x00, 0xbe, 0x07, 0x30, 0x57, 0x00, 0x00, 0x00, 0x00, 0x00, 0x00, 0x00, 0x64, 0x00, 0x00 },/* reply #213.3 */
        { 0 } } },
    { { 0x0c, 0x0b, 0x0c, 0x00, 0x00, 0x00, 0x00, 0x00, 0x01, 0x00, 0x02, 0x00 }, {/* spell #214 */
        { 0 } } },
    { { 0x0c, 0x0b, 0x0c, 0x00, 0x00, 0x00, 0x02, 0x37, 0x01, 0x00, 0x01, 0x00 }, {/* spell #215 */
        { 0 } } },
    { { 0x0e, 0x0d, 0x06, 0x00, 0x02, 0x00, 0x01, 0x01, 0x68, 0xd8, 0x00, 0x2b, 0x00, 0x00 }, {/* spell #216 */
        { 0x06, 0x05, 0x03, 0x19, 0xff, 0x00 },                 /* reply #216.1, PROP_TFT_STATUS */
        { 0 } } },
    { { 0x0c, 0x0b, 0x0c, 0x00, 0x00, 0x00, 0x00, 0x00, 0x01, 0x00, 0x02, 0x00 }, {/* spell #217 */
        { 0 } } },
    { { 0x0c, 0x0b, 0x0c, 0x00, 0x00, 0x00, 0x02, 0x37, 0x01, 0x00, 0x01, 0x00 }, {/* spell #218 */
        { 0 } } },
    { { 0x0e, 0x0d, 0x06, 0x00, 0x02, 0x00, 0x01, 0x01, 0x68, 0xd8, 0x00, 0x28, 0x00, 0x00 }, {/* spell #219 */
        { 0x06, 0x05, 0x03, 0x19, 0xff, 0x00 },                 /* reply #219.1, PROP_TFT_STATUS */
        { 0 } } },
    { { 0x0a, 0x08, 0x06, 0x00, 0x01, 0x00, 0x01, 0x04, 0x00, 0x00 }, {/* spell #220 */
        { 0 } } },
    { { 0x0c, 0x0b, 0x0c, 0x00, 0x00, 0x00, 0x00, 0x00, 0x01, 0x00, 0x02, 0x00 }, {/* spell #221 */
        { 0 } } },
    { { 0x0c, 0x0b, 0x0c, 0x00, 0x00, 0x00, 0x02, 0x37, 0x01, 0x00, 0x01, 0x00 }, {/* spell #222 */
        { 0 } } },
    { { 0x10, 0x0f, 0x06, 0x00, 0x03, 0x00, 0x01, 0x84, 0x01, 0x01, 0x68, 0xd8, 0x00, 0x25, 0x00, 0x00 }, {/* spell #223 */
        { 0x06, 0x05, 0x03, 0x19, 0xff, 0x00 },                 /* reply #223.1, PROP_TFT_STATUS */
        { 0 } } },
    { { 0x0c, 0x0b, 0x0c, 0x00, 0x00, 0x00, 0x00, 0x00, 0x01, 0x00, 0x02, 0x00 }, {/* spell #224 */
        { 0 } } },
    { { 0x0c, 0x0b, 0x0c, 0x00, 0x00, 0x00, 0x02, 0x37, 0x01, 0x00, 0x01, 0x00 }, {/* spell #225 */
        { 0 } } },
    { { 0x0e, 0x0d, 0x06, 0x00, 0x02, 0x00, 0x01, 0x01, 0x68, 0xd8, 0x00, 0x23, 0x00, 0x00 }, {/* spell #226 */
        { 0x06, 0x05, 0x03, 0x19, 0xff, 0x00 },                 /* reply #226.1, PROP_TFT_STATUS */
        { 0 } } },
    { { 0x0c, 0x0b, 0x0c, 0x00, 0x00, 0x00, 0x00, 0x00, 0x01, 0x00, 0x02, 0x00 }, {/* spell #227 */
        { 0 } } },
    { { 0x0c, 0x0b, 0x0c, 0x00, 0x00, 0x00, 0x02, 0x37, 0x01, 0x00, 0x01, 0x00 }, {/* spell #228 */
        { 0 } } },
    { { 0x0e, 0x0d, 0x06, 0x00, 0x02, 0x00, 0x01, 0x01, 0x68, 0xd8, 0x00, 0x20, 0x00, 0x00 }, {/* spell #229 */
        { 0x06, 0x05, 0x03, 0x19, 0xff, 0x00 },                 /* reply #229.1, PROP_TFT_STATUS */
        { 0 } } },
    { { 0x0c, 0x0b, 0x0c, 0x00, 0x00, 0x00, 0x00, 0x00, 0x01, 0x00, 0x02, 0x00 }, {/* spell #230 */
        { 0 } } },
    { { 0x0c, 0x0b, 0x0c, 0x00, 0x00, 0x00, 0x02, 0x37, 0x01, 0x00, 0x01, 0x00 }, {/* spell #231 */
        { 0 } } },
    { { 0x0e, 0x0d, 0x06, 0x00, 0x02, 0x00, 0x01, 0x01, 0x68, 0xd8, 0x00, 0x1d, 0x00, 0x00 }, {/* spell #232 */
        { 0x06, 0x05, 0x03, 0x19, 0xff, 0x00 },                 /* reply #232.1, PROP_TFT_STATUS */
        { 0 } } },
    { { 0x0c, 0x0b, 0x0c, 0x00, 0x00, 0x00, 0x00, 0x00, 0x01, 0x00, 0x02, 0x00 }, {/* spell #233 */
        { 0 } } },
    { { 0x0c, 0x0b, 0x0c, 0x00, 0x00, 0x00, 0x02, 0x37, 0x01, 0x00, 0x01, 0x00 }, {/* spell #234 */
        { 0 } } },
    { { 0x0e, 0x0d, 0x06, 0x00, 0x02, 0x00, 0x01, 0x01, 0x68, 0xd8, 0x00, 0x1b, 0x00, 0x00 }, {/* spell #235 */
        { 0x06, 0x05, 0x03, 0x19, 0xff, 0x00 },                 /* reply #235.1, PROP_TFT_STATUS */
        { 0 } } },
    { { 0x0c, 0x0b, 0x0c, 0x00, 0x00, 0x00, 0x00, 0x00, 0x01, 0x00, 0x02, 0x00 }, {/* spell #236 */
        { 0 } } },
    { { 0x0c, 0x0b, 0x0c, 0x00, 0x00, 0x00, 0x02, 0x37, 0x01, 0x00, 0x01, 0x00 }, {/* spell #237 */
        { 0 } } },
    { { 0x0e, 0x0d, 0x06, 0x00, 0x02, 0x00, 0x01, 0x01, 0x68, 0xd8, 0x00, 0x18, 0x00, 0x00 }, {/* spell #238 */
        { 0x06, 0x05, 0x03, 0x19, 0xff, 0x00 },                 /* reply #238.1, PROP_TFT_STATUS */
        { 0 } } },
    { { 0x0c, 0x0b, 0x0c, 0x00, 0x00, 0x00, 0x00, 0x00, 0x01, 0x00, 0x02, 0x00 }, {/* spell #239 */
        { 0 } } },
    { { 0x0c, 0x0b, 0x0c, 0x00, 0x00, 0x00, 0x02, 0x37, 0x01, 0x00, 0x01, 0x00 }, {/* spell #240 */
        { 0 } } },
    { { 0x0e, 0x0d, 0x06, 0x00, 0x02, 0x00, 0x01, 0x01, 0x68, 0xd8, 0x00, 0x15, 0x00, 0x00 }, {/* spell #241 */
        { 0x06, 0x05, 0x03, 0x19, 0xff, 0x00 },                 /* reply #241.1, PROP_TFT_STATUS */
        { 0 } } },
    { { 0x0c, 0x0b, 0x0c, 0x00, 0x00, 0x00, 0x00, 0x00, 0x01, 0x00, 0x02, 0x00 }, {/* spell #242 */
        { 0 } } },
    { { 0x0c, 0x0b, 0x0c, 0x00, 0x00, 0x00, 0x02, 0x37, 0x01, 0x00, 0x01, 0x00 }, {/* spell #243 */
        { 0 } } },
    { { 0x0e, 0x0d, 0x06, 0x00, 0x02, 0x00, 0x01, 0x01, 0x68, 0xd8, 0x00, 0x13, 0x00, 0x00 }, {/* spell #244 */
        { 0 } } },
    { { 0x0a, 0x08, 0x06, 0x00, 0x01, 0x00, 0x01, 0x04, 0x00, 0x00 }, {/* spell #245 */
        { 0x06, 0x05, 0x03, 0x19, 0xff, 0x00 },                 /* reply #245.1, PROP_TFT_STATUS */
        { 0 } } },
    { { 0x0c, 0x0b, 0x0c, 0x00, 0x00, 0x00, 0x00, 0x00, 0x01, 0x00, 0x02, 0x00 }, {/* spell #246 */
        { 0 } } },
    { { 0x0c, 0x0b, 0x0c, 0x00, 0x00, 0x00, 0x02, 0x37, 0x01, 0x00, 0x01, 0x00 }, {/* spell #247 */
        { 0 } } },
    { { 0x10, 0x0f, 0x06, 0x00, 0x03, 0x00, 0x01, 0x84, 0x01, 0x01, 0x68, 0xd8, 0x00, 0x10, 0x00, 0x00 }, {/* spell #248 */
        { 0x06, 0x05, 0x03, 0x19, 0xff, 0x00 },                 /* reply #248.1, PROP_TFT_STATUS */
        { 0 } } },
    { { 0x0c, 0x0b, 0x0c, 0x00, 0x00, 0x00, 0x00, 0x00, 0x01, 0x00, 0x02, 0x00 }, {/* spell #249 */
        { 0 } } },
    { { 0x0c, 0x0b, 0x0c, 0x00, 0x00, 0x00, 0x02, 0x37, 0x01, 0x00, 0x01, 0x00 }, {/* spell #250 */
        { 0 } } },
    { { 0x0e, 0x0d, 0x06, 0x00, 0x02, 0x00, 0x01, 0x01, 0x68, 0xd8, 0x00, 0x0d, 0x00, 0x00 }, {/* spell #251 */
        { 0x06, 0x05, 0x03, 0x19, 0xff, 0x00 },                 /* reply #251.1, PROP_TFT_STATUS */
        { 0 } } },
    { { 0x0a, 0x08, 0x06, 0x00, 0x01, 0x00, 0x01, 0x04, 0x00, 0x00 }, {/* spell #252 */
        { 0 } } },
    { { 0x0c, 0x0b, 0x0c, 0x00, 0x00, 0x00, 0x00, 0x00, 0x01, 0x00, 0x02, 0x00 }, {/* spell #253 */
        { 0 } } },
    { { 0x0c, 0x0b, 0x0c, 0x00, 0x00, 0x00, 0x02, 0x37, 0x01, 0x00, 0x01, 0x00 }, {/* spell #254 */
        { 0 } } },
    { { 0x10, 0x0f, 0x06, 0x00, 0x03, 0x00, 0x01, 0x84, 0x01, 0x01, 0x68, 0xd8, 0x00, 0x0b, 0x00, 0x00 }, {/* spell #255 */
        { 0x06, 0x05, 0x03, 0x19, 0xff, 0x00 },                 /* reply #255.1, PROP_TFT_STATUS */
        { 0 } } },
    { { 0x0c, 0x0b, 0x0c, 0x00, 0x00, 0x00, 0x00, 0x00, 0x01, 0x00, 0x02, 0x00 }, {/* spell #256 */
        { 0 } } },
    { { 0x0c, 0x0b, 0x0c, 0x00, 0x00, 0x00, 0x02, 0x37, 0x01, 0x00, 0x01, 0x00 }, {/* spell #257 */
        { 0 } } },
    { { 0x0e, 0x0d, 0x06, 0x00, 0x02, 0x00, 0x01, 0x01, 0x68, 0xd8, 0x00, 0x08, 0x00, 0x00 }, {/* spell #258 */
        { 0x06, 0x05, 0x03, 0x19, 0xff, 0x00 },                 /* reply #258.1, PROP_TFT_STATUS */
        { 0 } } },
    { { 0x0c, 0x0b, 0x0c, 0x00, 0x00, 0x00, 0x00, 0x00, 0x01, 0x00, 0x02, 0x00 }, {/* spell #259 */
        { 0 } } },
    { { 0x0c, 0x0b, 0x0c, 0x00, 0x00, 0x00, 0x02, 0x37, 0x01, 0x00, 0x01, 0x00 }, {/* spell #260 */
        { 0 } } },
    { { 0x0e, 0x0d, 0x06, 0x00, 0x02, 0x00, 0x01, 0x01, 0x68, 0xd8, 0x00, 0x05, 0x00, 0x00 }, {/* spell #261 */
        { 0x06, 0x05, 0x03, 0x19, 0xff, 0x00 },                 /* reply #261.1, PROP_TFT_STATUS */
        { 0 } } },
    { { 0x0c, 0x0b, 0x0c, 0x00, 0x00, 0x00, 0x00, 0x00, 0x01, 0x00, 0x02, 0x00 }, {/* spell #262 */
        { 0 } } },
    { { 0x0c, 0x0b, 0x0c, 0x00, 0x00, 0x00, 0x02, 0x37, 0x01, 0x00, 0x01, 0x00 }, {/* spell #263 */
        { 0 } } },
    { { 0x0e, 0x0d, 0x06, 0x00, 0x02, 0x00, 0x01, 0x01, 0x68, 0xd8, 0x00, 0x03, 0x00, 0x00 }, {/* spell #264 */
        { 0x06, 0x05, 0x03, 0x19, 0xff, 0x00 },                 /* reply #264.1, PROP_TFT_STATUS */
        { 0 } } },
    { { 0x0c, 0x0b, 0x0c, 0x00, 0x00, 0x00, 0x00, 0x00, 0x01, 0x00, 0x02, 0x00 }, {/* spell #265 */
        { 0 } } },
    { { 0x0c, 0x0b, 0x0c, 0x00, 0x00, 0x00, 0x02, 0x37, 0x01, 0x00, 0x01, 0x00 }, {/* spell #266 */
        { 0 } } },
    { { 0x0e, 0x0d, 0x06, 0x00, 0x02, 0x00, 0x01, 0x01, 0x68, 0xd8, 0x00, 0x00, 0x00, 0x00 }, {/* spell #267 */
        { 0x06, 0x05, 0x03, 0x19, 0xff, 0x00 },                 /* reply #267.1, PROP_TFT_STATUS */
        { 0 } } },
    { { 0x0c, 0x0b, 0x0c, 0x00, 0x00, 0x00, 0x00, 0x00, 0x01, 0x00, 0x02, 0x00 }, {/* spell #268 */
        { 0 } } },
    { { 0x0c, 0x0b, 0x0c, 0x00, 0x00, 0x00, 0x02, 0x37, 0x01, 0x00, 0x01, 0x00 }, {/* spell #269 */
        { 0 } } },
    { { 0x0e, 0x0d, 0x06, 0x00, 0x02, 0x00, 0x01, 0x01, 0x68, 0xd8, 0x00, 0xfd, 0x00, 0x00 }, {/* spell #270 */
        { 0 } } },
    { { 0x0a, 0x08, 0x06, 0x00, 0x01, 0x00, 0x01, 0x04, 0x00, 0x00 }, {/* spell #271 */
        { 0x06, 0x05, 0x03, 0x19, 0xff, 0x00 },                 /* reply #271.1, PROP_TFT_STATUS */
        { 0 } } },
    { { 0x0c, 0x0b, 0x0c, 0x00, 0x00, 0x00, 0x00, 0x00, 0x01, 0x00, 0x02, 0x00 }, {/* spell #272 */
        { 0 } } },
    { { 0x0c, 0x0b, 0x0c, 0x00, 0x00, 0x00, 0x02, 0x37, 0x01, 0x00, 0x01, 0x00 }, {/* spell #273 */
        { 0 } } },
    { { 0x10, 0x0f, 0x06, 0x00, 0x03, 0x00, 0x01, 0x84, 0x01, 0x01, 0x68, 0xd8, 0x00, 0xfb, 0x00, 0x00 }, {/* spell #274 */
        { 0x06, 0x05, 0x03, 0x19, 0xff, 0x00 },                 /* reply #274.1, PROP_TFT_STATUS */
        { 0 } } },
    { { 0x0c, 0x0b, 0x0c, 0x00, 0x00, 0x00, 0x00, 0x00, 0x01, 0x00, 0x02, 0x00 }, {/* spell #275 */
        { 0 } } },
    { { 0x0c, 0x0b, 0x0c, 0x00, 0x00, 0x00, 0x02, 0x37, 0x01, 0x00, 0x01, 0x00 }, {/* spell #276 */
        { 0 } } },
    { { 0x0e, 0x0d, 0x06, 0x00, 0x02, 0x00, 0x01, 0x01, 0x68, 0xd8, 0x00, 0xf8, 0x00, 0x00 }, {/* spell #277 */
        { 0x06, 0x05, 0x03, 0x19, 0xff, 0x00 },                 /* reply #277.1, PROP_TFT_STATUS */
        { 0 } } },
    { { 0x0c, 0x0b, 0x0c, 0x00, 0x00, 0x00, 0x00, 0x00, 0x01, 0x00, 0x02, 0x00 }, {/* spell #278 */
        { 0 } } },
    { { 0x0c, 0x0b, 0x0c, 0x00, 0x00, 0x00, 0x02, 0x37, 0x01, 0x00, 0x01, 0x00 }, {/* spell #279 */
        { 0 } } },
    { { 0x0e, 0x0d, 0x06, 0x00, 0x02, 0x00, 0x01, 0x01, 0x68, 0xd8, 0x00, 0xf5, 0x00, 0x00 }, {/* spell #280 */
        { 0x06, 0x05, 0x03, 0x19, 0xff, 0x00 },                 /* reply #280.1, PROP_TFT_STATUS */
        { 0 } } },
    { { 0x0c, 0x0b, 0x0c, 0x00, 0x00, 0x00, 0x00, 0x00, 0x01, 0x00, 0x02, 0x00 }, {/* spell #281 */
        { 0 } } },
    { { 0x0c, 0x0b, 0x0c, 0x00, 0x00, 0x00, 0x02, 0x37, 0x01, 0x00, 0x01, 0x00 }, {/* spell #282 */
        { 0 } } },
    { { 0x0e, 0x0d, 0x06, 0x00, 0x02, 0x00, 0x01, 0x01, 0x68, 0xd8, 0x00, 0xf3, 0x00, 0x00 }, {/* spell #283 */
        { 0x06, 0x05, 0x03, 0x19, 0xff, 0x00 },                 /* reply #283.1, PROP_TFT_STATUS */
        { 0 } } },
    { { 0x0c, 0x0b, 0x0c, 0x00, 0x00, 0x00, 0x00, 0x00, 0x01, 0x00, 0x02, 0x00 }, {/* spell #284 */
        { 0 } } },
    { { 0x0c, 0x0b, 0x0c, 0x00, 0x00, 0x00, 0x02, 0x37, 0x01, 0x00, 0x01, 0x00 }, {/* spell #285 */
        { 0 } } },
    { { 0x0e, 0x0d, 0x06, 0x00, 0x02, 0x00, 0x01, 0x01, 0x68, 0xd8, 0x00, 0xf0, 0x00, 0x00 }, {/* spell #286 */
        { 0x06, 0x05, 0x03, 0x19, 0xff, 0x00 },                 /* reply #286.1, PROP_TFT_STATUS */
        { 0 } } },
    { { 0x0c, 0x0b, 0x0c, 0x00, 0x00, 0x00, 0x00, 0x00, 0x01, 0x00, 0x02, 0x00 }, {/* spell #287 */
        { 0 } } },
    { { 0x0c, 0x0b, 0x0c, 0x00, 0x00, 0x00, 0x02, 0x37, 0x01, 0x00, 0x01, 0x00 }, {/* spell #288 */
        { 0 } } },
    { { 0x0e, 0x0d, 0x06, 0x00, 0x02, 0x00, 0x01, 0x01, 0x68, 0xd8, 0x00, 0xed, 0x00, 0x00 }, {/* spell #289 */
        { 0x06, 0x05, 0x03, 0x19, 0xff, 0x00 },                 /* reply #289.1, PROP_TFT_STATUS */
        { 0 } } },
    { { 0x0c, 0x0b, 0x0c, 0x00, 0x00, 0x00, 0x00, 0x00, 0x01, 0x00, 0x02, 0x00 }, {/* spell #290 */
        { 0 } } },
    { { 0x0c, 0x0b, 0x0c, 0x00, 0x00, 0x00, 0x02, 0x37, 0x01, 0x00, 0x01, 0x00 }, {/* spell #291 */
        { 0 } } },
    { { 0x0e, 0x0d, 0x06, 0x00, 0x02, 0x00, 0x01, 0x01, 0x68, 0xd8, 0x00, 0xeb, 0x00, 0x00 }, {/* spell #292 */
        { 0x06, 0x05, 0x03, 0x19, 0xff, 0x00 },                 /* reply #292.1, PROP_TFT_STATUS */
        { 0 } } },
    { { 0x0c, 0x0b, 0x0c, 0x00, 0x00, 0x00, 0x00, 0x00, 0x01, 0x00, 0x02, 0x00 }, {/* spell #293 */
        { 0 } } },
    { { 0x0c, 0x0b, 0x0c, 0x00, 0x00, 0x00, 0x02, 0x37, 0x01, 0x00, 0x01, 0x00 }, {/* spell #294 */
        { 0 } } },
    { { 0x0e, 0x0d, 0x06, 0x00, 0x02, 0x00, 0x01, 0x01, 0x68, 0xd8, 0x00, 0xe8, 0x00, 0x00 }, {/* spell #295 */
        { 0x06, 0x05, 0x03, 0x19, 0xff, 0x00 },                 /* reply #295.1, PROP_TFT_STATUS */
        { 0 } } },
    { { 0x0c, 0x0b, 0x0c, 0x00, 0x00, 0x00, 0x00, 0x00, 0x01, 0x00, 0x02, 0x00 }, {/* spell #296 */
        { 0 } } },
    { { 0x0c, 0x0b, 0x0c, 0x00, 0x00, 0x00, 0x02, 0x37, 0x01, 0x00, 0x01, 0x00 }, {/* spell #297 */
        { 0 } } },
    { { 0x0e, 0x0d, 0x06, 0x00, 0x02, 0x00, 0x01, 0x01, 0x68, 0xd8, 0x00, 0xe5, 0x00, 0x00 }, {/* spell #298 */
        { 0x06, 0x05, 0x03, 0x19, 0xff, 0x00 },                 /* reply #298.1, PROP_TFT_STATUS */
        { 0 } } },
    { { 0x0a, 0x08, 0x06, 0x00, 0x01, 0x00, 0x01, 0x04, 0x00, 0x00 }, {/* spell #299 */
        { 0 } } },
    { { 0x0c, 0x0b, 0x0c, 0x00, 0x00, 0x00, 0x00, 0x00, 0x01, 0x00, 0x02, 0x00 }, {/* spell #300 */
        { 0 } } },
    { { 0x0c, 0x0b, 0x0c, 0x00, 0x00, 0x00, 0x02, 0x37, 0x01, 0x00, 0x01, 0x00 }, {/* spell #301 */
        { 0 } } },
    { { 0x10, 0x0f, 0x06, 0x00, 0x03, 0x00, 0x01, 0x84, 0x01, 0x01, 0x68, 0xd8, 0x00, 0xe3, 0x00, 0x00 }, {/* spell #302 */
        { 0x06, 0x05, 0x03, 0x19, 0xff, 0x00 },                 /* reply #302.1, PROP_TFT_STATUS */
        { 0 } } },
    { { 0x0c, 0x0b, 0x0c, 0x00, 0x00, 0x00, 0x00, 0x00, 0x01, 0x00, 0x02, 0x00 }, {/* spell #303 */
        { 0 } } },
    { { 0x0c, 0x0b, 0x0c, 0x00, 0x00, 0x00, 0x02, 0x37, 0x01, 0x00, 0x01, 0x00 }, {/* spell #304 */
        { 0 } } },
    { { 0x0e, 0x0d, 0x06, 0x00, 0x02, 0x00, 0x01, 0x01, 0x68, 0xd8, 0x00, 0xe0, 0x00, 0x00 }, {/* spell #305 */
        { 0x06, 0x05, 0x03, 0x19, 0xff, 0x00 },                 /* reply #305.1, PROP_TFT_STATUS */
        { 0 } } },
    { { 0x0c, 0x0b, 0x0c, 0x00, 0x00, 0x00, 0x00, 0x00, 0x01, 0x00, 0x02, 0x00 }, {/* spell #306 */
        { 0 } } },
    { { 0x0c, 0x0b, 0x0c, 0x00, 0x00, 0x00, 0x02, 0x37, 0x01, 0x00, 0x01, 0x00 }, {/* spell #307 */
        { 0 } } },
    { { 0x0e, 0x0d, 0x06, 0x00, 0x02, 0x00, 0x01, 0x01, 0x68, 0xd8, 0x00, 0xdd, 0x00, 0x00 }, {/* spell #308 */
        { 0x06, 0x05, 0x03, 0x19, 0xff, 0x00 },                 /* reply #308.1, PROP_TFT_STATUS */
        { 0 } } },
    { { 0x0c, 0x0b, 0x0c, 0x00, 0x00, 0x00, 0x00, 0x00, 0x01, 0x00, 0x02, 0x00 }, {/* spell #309 */
        { 0 } } },
    { { 0x0c, 0x0b, 0x0c, 0x00, 0x00, 0x00, 0x02, 0x37, 0x01, 0x00, 0x01, 0x00 }, {/* spell #310 */
        { 0 } } },
    { { 0x0e, 0x0d, 0x06, 0x00, 0x02, 0x00, 0x01, 0x01, 0x68, 0xd8, 0x00, 0xdb, 0x00, 0x00 }, {/* spell #311 */
        { 0x06, 0x05, 0x03, 0x19, 0xff, 0x00 },                 /* reply #311.1, PROP_TFT_STATUS */
        { 0 } } },
    { { 0x0a, 0x08, 0x06, 0x00, 0x01, 0x00, 0x01, 0x04, 0x00, 0x00 }, {/* spell #312 */
        { 0 } } },
    { { 0x0c, 0x0b, 0x0c, 0x00, 0x00, 0x00, 0x00, 0x00, 0x01, 0x00, 0x02, 0x00 }, {/* spell #313 */
        { 0 } } },
    { { 0x0c, 0x0b, 0x0c, 0x00, 0x00, 0x00, 0x02, 0x37, 0x01, 0x00, 0x01, 0x00 }, {/* spell #314 */
        { 0 } } },
    { { 0x10, 0x0f, 0x06, 0x00, 0x03, 0x00, 0x01, 0x84, 0x01, 0x01, 0x68, 0xd8, 0x00, 0xd8, 0x00, 0x00 }, {/* spell #315 */
        { 0x06, 0x05, 0x03, 0x19, 0xff, 0x00 },                 /* reply #315.1, PROP_TFT_STATUS */
        { 0 } } },
    { { 0x0a, 0x08, 0x06, 0x00, 0x01, 0x00, 0x01, 0x04, 0x00, 0x00 }, {/* spell #316 */
        { 0 } } },
    { { 0x0c, 0x0b, 0x0c, 0x00, 0x00, 0x00, 0x00, 0x00, 0x01, 0x00, 0x02, 0x00 }, {/* spell #317 */
        { 0 } } },
    { { 0x40, 0x3e, 0x06, 0x00, 0x00, 0x20, 0x03, 0x00, 0x08, 0x00, 0x01, 0x04, 0x00, 0x00, 0x03, 0x81, 0x00, 0x00, 0x00, 0x01, 0x01, 0x02, 0x00, 0x00, 0x00, 0x00, 0x00, 0x00, 0x00, 0x00, 0x00, 0x00, 0x00, 0x01, 0x00, 0x03, 0x03, 0x00, 0x0b, 0xb5, 0x02, 0x00, 0x00, 0x00, 0x00, 0x03, 0x00, 0x00, 0x02, 0x01, 0x02, 0x03, 0x04, 0x05, 0x00, 0x02, 0x02, 0x02, 0x00, 0x03, 0x00, 0x00, 0x00, 0x00 }, {/* spell #318 */
        { 0x06, 0x05, 0x03, 0x0c, 0x01, 0x00 },                 /* reply #318.1, PROP_CARD1_RECORD */
        { 0 } } },
    { { 0x0c, 0x0b, 0x0c, 0x00, 0x00, 0x00, 0x02, 0x37, 0x01, 0x00, 0x01, 0x00 }, {/* spell #319 */
        { 0x06, 0x05, 0x03, 0x0c, 0x00, 0x00 },                 /* reply #319.1, PROP_CARD1_RECORD */
        { 0 } } },
    { { 0x0c, 0x0b, 0x0c, 0x00, 0x00, 0x00, 0x00, 0x00, 0x01, 0x00, 0x02, 0x00 }, {/* spell #320 */
        { 0 } } },
    { { 0x0c, 0x0b, 0x0c, 0x00, 0x00, 0x00, 0x02, 0x37, 0x01, 0x00, 0x01, 0x00 }, {/* spell #321 */
        { 0 } } },
    { { 0x40, 0x3e, 0x06, 0x00, 0x00, 0x20, 0x03, 0x00, 0x08, 0x00, 0x01, 0x04, 0x00, 0x00, 0x03, 0x81, 0x00, 0x00, 0x00, 0x01, 0x01, 0x02, 0x00, 0x00, 0x00, 0x00, 0x00, 0x00, 0x00, 0x00, 0x00, 0x00, 0x00, 0x01, 0x00, 0x03, 0x03, 0x00, 0x0b, 0xb5, 0x02, 0x00, 0x00, 0x00, 0x00, 0x03, 0x00, 0x00, 0x01, 0x01, 0x02, 0x03, 0x04, 0x05, 0x00, 0x02, 0x02, 0x02, 0x00, 0x03, 0x00, 0x00, 0x00, 0x00 }, {/* spell #322 */
        { 0x06, 0x05, 0x03, 0x1a, 0xff, 0x00 },                 /* reply #322.1 */
        { 0 } } },
    { { 0x0c, 0x0b, 0x0c, 0x00, 0x00, 0x00, 0x00, 0x00, 0x01, 0x00, 0x02, 0x00 }, {/* spell #323 */
        { 0 } } },
    { { 0x0c, 0x0b, 0x0c, 0x00, 0x00, 0x00, 0x02, 0x37, 0x01, 0x00, 0x01, 0x00 }, {/* spell #324 */
        { 0 } } },
    { { 0x2c, 0x2a, 0x06, 0x00, 0x58, 0x42, 0x01, 0x01, 0x00, 0x28, 0x6d, 0x28, 0x04, 0x01, 0x0d, 0x8b, 0x01, 0x00, 0x00, 0x00, 0x00, 0x00, 0x00, 0x00, 0x01, 0x00, 0x00, 0x00, 0x00, 0x00, 0x00, 0x0d, 0x8b, 0x00, 0x1d, 0x3b, 0x00, 0x00, 0x01, 0x2c, 0x00, 0x00, 0x00, 0x00 }, {/* spell #325 */
        { 0x06, 0x05, 0x03, 0x19, 0x01, 0x00 },                 /* reply #325.1, PROP_TFT_STATUS */
        { 0 } } },
    { { 0x0c, 0x0b, 0x0c, 0x00, 0x00, 0x00, 0x00, 0x00, 0x01, 0x00, 0x02, 0x00 }, {/* spell #326 */
        { 0 } } },
    { { 0x0c, 0x0b, 0x0c, 0x00, 0x00, 0x00, 0x02, 0x37, 0x01, 0x00, 0x01, 0x00 }, {/* spell #327 */
        { 0 } } },
    { { 0x1e, 0x1d, 0x06, 0x00, 0x18, 0x40, 0x01, 0x01, 0x00, 0x2b, 0x6d, 0x28, 0x04, 0x01, 0x0d, 0x78, 0x00, 0x00, 0x0d, 0x78, 0x00, 0x1d, 0x3b, 0x00, 0x00, 0x01, 0x2c, 0x00, 0x00, 0x00 }, {/* spell #328 */
        { 0x06, 0x05, 0x03, 0x19, 0x01, 0x00 },                 /* reply #328.1, PROP_TFT_STATUS */
        { 0 } } },
    { { 0x0c, 0x0b, 0x0c, 0x00, 0x00, 0x00, 0x00, 0x00, 0x01, 0x00, 0x02, 0x00 }, {/* spell #329 */
        { 0 } } },
    { { 0x0c, 0x0b, 0x0c, 0x00, 0x00, 0x00, 0x02, 0x37, 0x01, 0x00, 0x01, 0x00 }, {/* spell #330 */
        { 0 } } },
    { { 0x1e, 0x1d, 0x06, 0x00, 0x18, 0x40, 0x01, 0x01, 0x00, 0x2d, 0x6d, 0x28, 0x04, 0x01, 0x0d, 0x64, 0x00, 0x00, 0x0d, 0x64, 0x00, 0x1d, 0x3b, 0x00, 0x00, 0x01, 0x2c, 0x00, 0x00, 0x00 }, {/* spell #331 */
        { 0x06, 0x05, 0x03, 0x19, 0x01, 0x00 },                 /* reply #331.1, PROP_TFT_STATUS */
        { 0 } } },
    { { 0x0c, 0x0b, 0x0c, 0x00, 0x00, 0x00, 0x00, 0x00, 0x01, 0x00, 0x02, 0x00 }, {/* spell #332 */
        { 0 } } },
    { { 0x0c, 0x0b, 0x0c, 0x00, 0x00, 0x00, 0x02, 0x37, 0x01, 0x00, 0x01, 0x00 }, {/* spell #333 */
        { 0 } } },
    { { 0x1e, 0x1d, 0x06, 0x00, 0x18, 0x40, 0x01, 0x01, 0x00, 0x30, 0x6d, 0x28, 0x04, 0x01, 0x0d, 0x4f, 0x00, 0x00, 0x0d, 0x4f, 0x00, 0x1d, 0x3b, 0x00, 0x00, 0x01, 0x2c, 0x00, 0x00, 0x00 }, {/* spell #334 */
        { 0x06, 0x05, 0x03, 0x19, 0x01, 0x00 },                 /* reply #334.1, PROP_TFT_STATUS */
        { 0 } } },
    { { 0x0c, 0x0b, 0x0c, 0x00, 0x00, 0x00, 0x00, 0x00, 0x01, 0x00, 0x02, 0x00 }, {/* spell #335 */
        { 0 } } },
    { { 0x0c, 0x0b, 0x0c, 0x00, 0x00, 0x00, 0x02, 0x37, 0x01, 0x00, 0x01, 0x00 }, {/* spell #336 */
        { 0 } } },
    { { 0x1e, 0x1d, 0x06, 0x00, 0x18, 0x40, 0x01, 0x01, 0x00, 0x33, 0x6d, 0x28, 0x04, 0x01, 0x0d, 0x1b, 0x00, 0x00, 0x0d, 0x1b, 0x00, 0x1d, 0x3b, 0x00, 0x00, 0x01, 0x2c, 0x00, 0x00, 0x00 }, {/* spell #337 */
        { 0x06, 0x05, 0x03, 0x19, 0x01, 0x00 },                 /* reply #337.1, PROP_TFT_STATUS */
        { 0 } } },
    { { 0x0c, 0x0b, 0x0c, 0x00, 0x00, 0x00, 0x00, 0x00, 0x01, 0x00, 0x02, 0x00 }, {/* spell #338 */
        { 0 } } },
    { { 0x0c, 0x0b, 0x0c, 0x00, 0x00, 0x00, 0x02, 0x37, 0x01, 0x00, 0x01, 0x00 }, {/* spell #339 */
        { 0 } } },
    { { 0x1e, 0x1d, 0x06, 0x00, 0x18, 0x40, 0x01, 0x01, 0x00, 0x35, 0x6d, 0x28, 0x04, 0x01, 0x0c, 0xe8, 0x00, 0x00, 0x0c, 0xe8, 0x00, 0x1d, 0x3b, 0x00, 0x00, 0x01, 0x2c, 0x00, 0x00, 0x00 }, {/* spell #340 */
        { 0x06, 0x05, 0x03, 0x19, 0x01, 0x00 },                 /* reply #340.1, PROP_TFT_STATUS */
        { 0 } } },
    { { 0x0c, 0x0b, 0x0c, 0x00, 0x00, 0x00, 0x00, 0x00, 0x01, 0x00, 0x02, 0x00 }, {/* spell #341 */
        { 0 } } },
    { { 0x0c, 0x0b, 0x0c, 0x00, 0x00, 0x00, 0x02, 0x37, 0x01, 0x00, 0x01, 0x00 }, {/* spell #342 */
        { 0 } } },
    { { 0x1e, 0x1d, 0x06, 0x00, 0x18, 0x40, 0x01, 0x01, 0x00, 0x38, 0x6d, 0x28, 0x04, 0x01, 0x0c, 0xb7, 0x00, 0x00, 0x0c, 0xb7, 0x00, 0x1d, 0x3b, 0x00, 0x00, 0x01, 0x2c, 0x00, 0x00, 0x00 }, {/* spell #343 */
        { 0x06, 0x05, 0x03, 0x19, 0x01, 0x00 },                 /* reply #343.1, PROP_TFT_STATUS */
        { 0 } } },
    { { 0x0c, 0x0b, 0x0c, 0x00, 0x00, 0x00, 0x00, 0x00, 0x01, 0x00, 0x02, 0x00 }, {/* spell #344 */
        { 0 } } },
    { { 0x0c, 0x0b, 0x0c, 0x00, 0x00, 0x00, 0x02, 0x37, 0x01, 0x00, 0x01, 0x00 }, {/* spell #345 */
        { 0 } } },
    { { 0x1e, 0x1d, 0x06, 0x00, 0x18, 0x40, 0x01, 0x01, 0x00, 0x3b, 0x6d, 0x28, 0x04, 0x01, 0x0c, 0xda, 0x00, 0x00, 0x0c, 0xda, 0x00, 0x1d, 0x3b, 0x00, 0x00, 0x01, 0x2c, 0x00, 0x00, 0x00 }, {/* spell #346 */
        { 0x06, 0x05, 0x03, 0x19, 0x01, 0x00 },                 /* reply #346.1, PROP_TFT_STATUS */
        { 0 } } },
    { { 0x0c, 0x0b, 0x0c, 0x00, 0x00, 0x00, 0x00, 0x00, 0x01, 0x00, 0x02, 0x00 }, {/* spell #347 */
        { 0 } } },
    { { 0x0c, 0x0b, 0x0c, 0x00, 0x00, 0x00, 0x02, 0x37, 0x01, 0x00, 0x01, 0x00 }, {/* spell #348 */
        { 0 } } },
    { { 0x1e, 0x1d, 0x06, 0x00, 0x18, 0x40, 0x01, 0x01, 0x00, 0x3d, 0x6d, 0x28, 0x04, 0x01, 0x0c, 0xfe, 0x00, 0x00, 0x0c, 0xfe, 0x00, 0x1d, 0x3b, 0x00, 0x00, 0x01, 0x2c, 0x00, 0x00, 0x00 }, {/* spell #349 */
        { 0x06, 0x05, 0x03, 0x19, 0x01, 0x00 },                 /* reply #349.1, PROP_TFT_STATUS */
        { 0x0a, 0x08, 0x07, 0x00, 0x02, 0x21, 0x1d, 0x0c, 0x00, 0x00 },/* reply #349.2 */
        { 0x1e, 0x1c, 0x07, 0x03, 0x97, 0x0f, 0x94, 0x2e, 0x89, 0x88, 0x21, 0x02, 0x06, 0x52, 0x0c, 0x00, 0xbe, 0x07, 0x30, 0x57, 0x00, 0x00, 0x00, 0x00, 0x00, 0x00, 0x00, 0x64, 0x00, 0x00 },/* reply #349.3 */
        { 0 } } },
    { { 0x0c, 0x0b, 0x0c, 0x00, 0x00, 0x00, 0x00, 0x00, 0x01, 0x00, 0x02, 0x00 }, {/* spell #350 */
        { 0 } } },
    { { 0x0c, 0x0b, 0x0c, 0x00, 0x00, 0x00, 0x02, 0x37, 0x01, 0x00, 0x01, 0x00 }, {/* spell #351 */
        { 0 } } },
    { { 0x1e, 0x1d, 0x06, 0x00, 0x18, 0x40, 0x01, 0x01, 0x00, 0x40, 0x6d, 0x28, 0x04, 0x01, 0x0d, 0x23, 0x00, 0x00, 0x0d, 0x23, 0x00, 0x1d, 0x3b, 0x00, 0x00, 0x01, 0x2c, 0x00, 0x00, 0x00 }, {/* spell #352 */
        { 0x06, 0x05, 0x03, 0x19, 0x01, 0x00 },                 /* reply #352.1, PROP_TFT_STATUS */
        { 0 } } },
    { { 0x0c, 0x0b, 0x0c, 0x00, 0x00, 0x00, 0x00, 0x00, 0x01, 0x00, 0x02, 0x00 }, {/* spell #353 */
        { 0 } } },
    { { 0x0c, 0x0b, 0x0c, 0x00, 0x00, 0x00, 0x02, 0x37, 0x01, 0x00, 0x01, 0x00 }, {/* spell #354 */
        { 0 } } },
    { { 0x1e, 0x1d, 0x06, 0x00, 0x18, 0x40, 0x01, 0x01, 0x00, 0x43, 0x6d, 0x28, 0x04, 0x01, 0x0c, 0xed, 0x00, 0x00, 0x0c, 0xed, 0x00, 0x1d, 0x3b, 0x00, 0x00, 0x01, 0x2c, 0x00, 0x00, 0x00 }, {/* spell #355 */
        { 0x06, 0x05, 0x03, 0x19, 0x01, 0x00 },                 /* reply #355.1, PROP_TFT_STATUS */
        { 0 } } },
    { { 0x0c, 0x0b, 0x0c, 0x00, 0x00, 0x00, 0x00, 0x00, 0x01, 0x00, 0x02, 0x00 }, {/* spell #356 */
        { 0 } } },
    { { 0x0c, 0x0b, 0x0c, 0x00, 0x00, 0x00, 0x02, 0x37, 0x01, 0x00, 0x01, 0x00 }, {/* spell #357 */
        { 0 } } },
    { { 0x1e, 0x1d, 0x06, 0x00, 0x18, 0x40, 0x01, 0x01, 0x00, 0x45, 0x6d, 0x28, 0x04, 0x01, 0x0c, 0xb8, 0x00, 0x00, 0x0c, 0xb8, 0x00, 0x1d, 0x3b, 0x00, 0x00, 0x01, 0x2c, 0x00, 0x00, 0x00 }, {/* spell #358 */
        { 0x06, 0x05, 0x03, 0x19, 0x01, 0x00 },                 /* reply #358.1, PROP_TFT_STATUS */
        { 0 } } },
    { { 0x0c, 0x0b, 0x0c, 0x00, 0x00, 0x00, 0x00, 0x00, 0x01, 0x00, 0x02, 0x00 }, {/* spell #359 */
        { 0 } } },
    { { 0x0c, 0x0b, 0x0c, 0x00, 0x00, 0x00, 0x02, 0x37, 0x01, 0x00, 0x01, 0x00 }, {/* spell #360 */
        { 0 } } },
    { { 0x1e, 0x1d, 0x06, 0x00, 0x18, 0x40, 0x01, 0x01, 0x00, 0x48, 0x6d, 0x28, 0x04, 0x01, 0x0c, 0x85, 0x00, 0x00, 0x0c, 0x85, 0x00, 0x1d, 0x3b, 0x00, 0x00, 0x01, 0x2c, 0x00, 0x00, 0x00 }, {/* spell #361 */
        { 0x06, 0x05, 0x03, 0x19, 0x01, 0x00 },                 /* reply #361.1, PROP_TFT_STATUS */
        { 0 } } },
    { { 0x0c, 0x0b, 0x0c, 0x00, 0x00, 0x00, 0x00, 0x00, 0x01, 0x00, 0x02, 0x00 }, {/* spell #362 */
        { 0 } } },
    { { 0x0c, 0x0b, 0x0c, 0x00, 0x00, 0x00, 0x02, 0x37, 0x01, 0x00, 0x01, 0x00 }, {/* spell #363 */
        { 0 } } },
    { { 0x1e, 0x1d, 0x06, 0x00, 0x18, 0x40, 0x01, 0x01, 0x00, 0x4b, 0x6d, 0x28, 0x04, 0x01, 0x0c, 0x2a, 0x00, 0x00, 0x0c, 0x2a, 0x00, 0x1d, 0x3b, 0x00, 0x00, 0x01, 0x2c, 0x00, 0x00, 0x00 }, {/* spell #364 */
        { 0x06, 0x05, 0x03, 0x19, 0x01, 0x00 },                 /* reply #364.1, PROP_TFT_STATUS */
        { 0 } } },
    { { 0x0c, 0x0b, 0x0c, 0x00, 0x00, 0x00, 0x00, 0x00, 0x01, 0x00, 0x02, 0x00 }, {/* spell #365 */
        { 0 } } },
    { { 0x0c, 0x0b, 0x0c, 0x00, 0x00, 0x00, 0x02, 0x37, 0x01, 0x00, 0x01, 0x00 }, {/* spell #366 */
        { 0 } } },
    { { 0x1e, 0x1d, 0x06, 0x00, 0x18, 0x40, 0x01, 0x01, 0x00, 0x4d, 0x6d, 0x28, 0x04, 0x01, 0x0b, 0xd3, 0x00, 0x00, 0x0b, 0xd3, 0x00, 0x1d, 0x3b, 0x00, 0x00, 0x01, 0x2c, 0x00, 0x00, 0x00 }, {/* spell #367 */
        { 0x06, 0x05, 0x03, 0x19, 0x01, 0x00 },                 /* reply #367.1, PROP_TFT_STATUS */
        { 0 } } },
    { { 0x0c, 0x0b, 0x0c, 0x00, 0x00, 0x00, 0x00, 0x00, 0x01, 0x00, 0x02, 0x00 }, {/* spell #368 */
        { 0 } } },
    { { 0x0c, 0x0b, 0x0c, 0x00, 0x00, 0x00, 0x02, 0x37, 0x01, 0x00, 0x01, 0x00 }, {/* spell #369 */
        { 0 } } },
    { { 0x1e, 0x1d, 0x06, 0x00, 0x18, 0x40, 0x01, 0x01, 0x00, 0x50, 0x6d, 0x28, 0x04, 0x01, 0x0b, 0x81, 0x00, 0x00, 0x0b, 0x81, 0x00, 0x1d, 0x3b, 0x00, 0x00, 0x01, 0x2c, 0x00, 0x00, 0x00 }, {/* spell #370 */
        { 0x06, 0x05, 0x03, 0x19, 0x01, 0x00 },                 /* reply #370.1, PROP_TFT_STATUS */
        { 0 } } },
    { { 0x0c, 0x0b, 0x0c, 0x00, 0x00, 0x00, 0x00, 0x00, 0x01, 0x00, 0x02, 0x00 }, {/* spell #371 */
        { 0 } } },
    { { 0x0c, 0x0b, 0x0c, 0x00, 0x00, 0x00, 0x02, 0x37, 0x01, 0x00, 0x01, 0x00 }, {/* spell #372 */
        { 0 } } },
    { { 0x1e, 0x1d, 0x06, 0x00, 0x18, 0x40, 0x01, 0x01, 0x00, 0x53, 0x6d, 0x28, 0x04, 0x01, 0x0b, 0x96, 0x00, 0x00, 0x0b, 0x96, 0x00, 0x1d, 0x3b, 0x00, 0x00, 0x01, 0x2c, 0x00, 0x00, 0x00 }, {/* spell #373 */
        { 0x06, 0x05, 0x03, 0x19, 0x01, 0x00 },                 /* reply #373.1, PROP_TFT_STATUS */
        { 0 } } },
    { { 0x0c, 0x0b, 0x0c, 0x00, 0x00, 0x00, 0x00, 0x00, 0x01, 0x00, 0x02, 0x00 }, {/* spell #374 */
        { 0 } } },
    { { 0x0c, 0x0b, 0x0c, 0x00, 0x00, 0x00, 0x02, 0x37, 0x01, 0x00, 0x01, 0x00 }, {/* spell #375 */
        { 0 } } },
    { { 0x1e, 0x1d, 0x06, 0x00, 0x18, 0x40, 0x01, 0x01, 0x00, 0x55, 0x6d, 0x28, 0x04, 0x01, 0x0b, 0xac, 0x00, 0x00, 0x0b, 0xac, 0x00, 0x1d, 0x3b, 0x00, 0x00, 0x01, 0x2c, 0x00, 0x00, 0x00 }, {/* spell #376 */
        { 0x06, 0x05, 0x03, 0x19, 0x01, 0x00 },                 /* reply #376.1, PROP_TFT_STATUS */
        { 0 } } },
    { { 0x0c, 0x0b, 0x0c, 0x00, 0x00, 0x00, 0x00, 0x00, 0x01, 0x00, 0x02, 0x00 }, {/* spell #377 */
        { 0 } } },
    { { 0x0c, 0x0b, 0x0c, 0x00, 0x00, 0x00, 0x02, 0x37, 0x01, 0x00, 0x01, 0x00 }, {/* spell #378 */
        { 0 } } },
    { { 0x1e, 0x1d, 0x06, 0x00, 0x18, 0x40, 0x01, 0x01, 0x00, 0x58, 0x6d, 0x28, 0x04, 0x01, 0x0b, 0xc1, 0x00, 0x00, 0x0b, 0xc1, 0x00, 0x1d, 0x3b, 0x00, 0x00, 0x01, 0x2c, 0x00, 0x00, 0x00 }, {/* spell #379 */
        { 0x06, 0x05, 0x03, 0x19, 0x01, 0x00 },                 /* reply #379.1, PROP_TFT_STATUS */
        { 0 } } },
    { { 0x0c, 0x0b, 0x0c, 0x00, 0x00, 0x00, 0x00, 0x00, 0x01, 0x00, 0x02, 0x00 }, {/* spell #380 */
        { 0 } } },
    { { 0x0c, 0x0b, 0x0c, 0x00, 0x00, 0x00, 0x02, 0x37, 0x01, 0x00, 0x01, 0x00 }, {/* spell #381 */
        { 0 } } },
    { { 0x1e, 0x1d, 0x06, 0x00, 0x18, 0x40, 0x01, 0x01, 0x00, 0x5b, 0x6d, 0x28, 0x04, 0x01, 0x0b, 0x4a, 0x00, 0x00, 0x0b, 0x4a, 0x00, 0x1d, 0x3b, 0x00, 0x00, 0x01, 0x2c, 0x00, 0x00, 0x00 }, {/* spell #382 */
        { 0x06, 0x05, 0x03, 0x19, 0x01, 0x00 },                 /* reply #382.1, PROP_TFT_STATUS */
        { 0 } } },
    { { 0x0c, 0x0b, 0x0c, 0x00, 0x00, 0x00, 0x00, 0x00, 0x01, 0x00, 0x02, 0x00 }, {/* spell #383 */
        { 0 } } },
    { { 0x0c, 0x0b, 0x0c, 0x00, 0x00, 0x00, 0x02, 0x37, 0x01, 0x00, 0x01, 0x00 }, {/* spell #384 */
        { 0 } } },
    { { 0x1e, 0x1d, 0x06, 0x00, 0x18, 0x40, 0x01, 0x01, 0x00, 0x5d, 0x6d, 0x28, 0x04, 0x01, 0x0a, 0xdd, 0x00, 0x00, 0x0a, 0xdd, 0x00, 0x1d, 0x3b, 0x00, 0x00, 0x01, 0x2c, 0x00, 0x00, 0x00 }, {/* spell #385 */
        { 0x06, 0x05, 0x03, 0x19, 0x01, 0x00 },                 /* reply #385.1, PROP_TFT_STATUS */
        { 0 } } },
    { { 0x0c, 0x0b, 0x0c, 0x00, 0x00, 0x00, 0x00, 0x00, 0x01, 0x00, 0x02, 0x00 }, {/* spell #386 */
        { 0 } } },
    { { 0x0c, 0x0b, 0x0c, 0x00, 0x00, 0x00, 0x02, 0x37, 0x01, 0x00, 0x01, 0x00 }, {/* spell #387 */
        { 0 } } },
    { { 0x1e, 0x1d, 0x06, 0x00, 0x18, 0x40, 0x01, 0x01, 0x00, 0x60, 0x6d, 0x28, 0x04, 0x01, 0x0a, 0x76, 0x00, 0x00, 0x0a, 0x76, 0x00, 0x1d, 0x3b, 0x00, 0x00, 0x01, 0x2c, 0x00, 0x00, 0x00 }, {/* spell #388 */
        { 0x06, 0x05, 0x03, 0x19, 0x01, 0x00 },                 /* reply #388.1, PROP_TFT_STATUS */
        { 0 } } },
    { { 0x0c, 0x0b, 0x0c, 0x00, 0x00, 0x00, 0x00, 0x00, 0x01, 0x00, 0x02, 0x00 }, {/* spell #389 */
        { 0 } } },
    { { 0x0c, 0x0b, 0x0c, 0x00, 0x00, 0x00, 0x02, 0x37, 0x01, 0x00, 0x01, 0x00 }, {/* spell #390 */
        { 0 } } },
    { { 0x1e, 0x1d, 0x06, 0x00, 0x18, 0x40, 0x01, 0x01, 0x00, 0x63, 0x6d, 0x28, 0x04, 0x01, 0x0a, 0x0f, 0x00, 0x00, 0x0a, 0x0f, 0x00, 0x1d, 0x3b, 0x00, 0x00, 0x01, 0x2c, 0x00, 0x00, 0x00 }, {/* spell #391 */
        { 0x06, 0x05, 0x03, 0x19, 0x01, 0x00 },                 /* reply #391.1, PROP_TFT_STATUS */
        { 0 } } },
    { { 0x0c, 0x0b, 0x0c, 0x00, 0x00, 0x00, 0x00, 0x00, 0x01, 0x00, 0x02, 0x00 }, {/* spell #392 */
        { 0 } } },
    { { 0x0c, 0x0b, 0x0c, 0x00, 0x00, 0x00, 0x02, 0x37, 0x01, 0x00, 0x01, 0x00 }, {/* spell #393 */
        { 0 } } },
    { { 0x1e, 0x1d, 0x06, 0x00, 0x18, 0x40, 0x01, 0x01, 0x00, 0x65, 0x6d, 0x28, 0x04, 0x01, 0x09, 0xae, 0x00, 0x00, 0x09, 0xae, 0x00, 0x1d, 0x3b, 0x00, 0x00, 0x01, 0x2c, 0x00, 0x00, 0x00 }, {/* spell #394 */
        { 0x06, 0x05, 0x03, 0x19, 0x01, 0x00 },                 /* reply #394.1, PROP_TFT_STATUS */
        { 0 } } },
    { { 0x0c, 0x0b, 0x0c, 0x00, 0x00, 0x00, 0x00, 0x00, 0x01, 0x00, 0x02, 0x00 }, {/* spell #395 */
        { 0 } } },
    { { 0x0c, 0x0b, 0x0c, 0x00, 0x00, 0x00, 0x02, 0x37, 0x01, 0x00, 0x01, 0x00 }, {/* spell #396 */
        { 0 } } },
    { { 0x1e, 0x1d, 0x06, 0x00, 0x18, 0x40, 0x01, 0x01, 0x00, 0x68, 0x6d, 0x28, 0x04, 0x01, 0x09, 0x55, 0x00, 0x00, 0x09, 0x55, 0x00, 0x1d, 0x3b, 0x00, 0x00, 0x01, 0x2c, 0x00, 0x00, 0x00 }, {/* spell #397 */
        { 0x06, 0x05, 0x03, 0x19, 0x01, 0x00 },                 /* reply #397.1, PROP_TFT_STATUS */
        { 0 } } },
    { { 0x0c, 0x0b, 0x0c, 0x00, 0x00, 0x00, 0x00, 0x00, 0x01, 0x00, 0x02, 0x00 }, {/* spell #398 */
        { 0 } } },
    { { 0x0c, 0x0b, 0x0c, 0x00, 0x00, 0x00, 0x02, 0x37, 0x01, 0x00, 0x01, 0x00 }, {/* spell #399 */
        { 0 } } },
    { { 0x1e, 0x1d, 0x06, 0x00, 0x18, 0x40, 0x01, 0x01, 0x00, 0x6b, 0x6d, 0x28, 0x04, 0x01, 0x09, 0x12, 0x00, 0x00, 0x09, 0x12, 0x00, 0x1d, 0x3b, 0x00, 0x00, 0x01, 0x2c, 0x00, 0x00, 0x00 }, {/* spell #400 */
        { 0x06, 0x05, 0x03, 0x19, 0x01, 0x00 },                 /* reply #400.1, PROP_TFT_STATUS */
        { 0 } } },
    { { 0x0c, 0x0b, 0x0c, 0x00, 0x00, 0x00, 0x00, 0x00, 0x01, 0x00, 0x02, 0x00 }, {/* spell #401 */
        { 0 } } },
    { { 0x0c, 0x0b, 0x0c, 0x00, 0x00, 0x00, 0x02, 0x37, 0x01, 0x00, 0x01, 0x00 }, {/* spell #402 */
        { 0 } } },
    { { 0x1e, 0x1d, 0x06, 0x00, 0x18, 0x40, 0x01, 0x01, 0x00, 0x6d, 0x6d, 0x28, 0x04, 0x01, 0x08, 0xd2, 0x00, 0x00, 0x08, 0xd2, 0x00, 0x1d, 0x3b, 0x00, 0x00, 0x01, 0x2c, 0x00, 0x00, 0x00 }, {/* spell #403 */
        { 0x06, 0x05, 0x03, 0x19, 0x01, 0x00 },                 /* reply #403.1, PROP_TFT_STATUS */
        { 0 } } },
    { { 0x0c, 0x0b, 0x0c, 0x00, 0x00, 0x00, 0x00, 0x00, 0x01, 0x00, 0x02, 0x00 }, {/* spell #404 */
        { 0 } } },
    { { 0x0c, 0x0b, 0x0c, 0x00, 0x00, 0x00, 0x02, 0x37, 0x01, 0x00, 0x01, 0x00 }, {/* spell #405 */
        { 0x06, 0x05, 0x03, 0x19, 0x01, 0x00 },                 /* reply #405.1, PROP_TFT_STATUS */
        { 0 } } },
    { { 0x0c, 0x0b, 0x0c, 0x00, 0x00, 0x00, 0x00, 0x00, 0x01, 0x00, 0x02, 0x00 }, {/* spell #406 */
        { 0 } } },
    { { 0x0c, 0x0b, 0x0c, 0x00, 0x00, 0x00, 0x02, 0x37, 0x01, 0x00, 0x01, 0x00 }, {/* spell #407 */
        { 0 } } },
    { { 0x1e, 0x1d, 0x06, 0x00, 0x18, 0x40, 0x01, 0x01, 0x00, 0x6b, 0x6d, 0x28, 0x04, 0x01, 0x09, 0x12, 0x00, 0x00, 0x09, 0x12, 0x00, 0x1d, 0x3b, 0x00, 0x00, 0x01, 0x2c, 0x00, 0x00, 0x00 }, {/* spell #408 */
        { 0x06, 0x05, 0x03, 0x19, 0xff, 0x00 },                 /* reply #408.1, PROP_TFT_STATUS */
        { 0 } } },
    { { 0x0c, 0x0b, 0x0c, 0x00, 0x00, 0x00, 0x00, 0x00, 0x01, 0x00, 0x02, 0x00 }, {/* spell #409 */
        { 0 } } },
    { { 0x0c, 0x0b, 0x0c, 0x00, 0x00, 0x00, 0x02, 0x37, 0x01, 0x00, 0x01, 0x00 }, {/* spell #410 */
        { 0 } } },
    { { 0x1e, 0x1d, 0x06, 0x00, 0x18, 0x40, 0x01, 0x01, 0x00, 0x68, 0x6d, 0x28, 0x04, 0x01, 0x09, 0x55, 0x00, 0x00, 0x09, 0x55, 0x00, 0x1d, 0x3b, 0x00, 0x00, 0x01, 0x2c, 0x00, 0x00, 0x00 }, {/* spell #411 */
        { 0x06, 0x05, 0x03, 0x19, 0xff, 0x00 },                 /* reply #411.1, PROP_TFT_STATUS */
        { 0 } } },
    { { 0x0c, 0x0b, 0x0c, 0x00, 0x00, 0x00, 0x00, 0x00, 0x01, 0x00, 0x02, 0x00 }, {/* spell #412 */
        { 0 } } },
    { { 0x0c, 0x0b, 0x0c, 0x00, 0x00, 0x00, 0x02, 0x37, 0x01, 0x00, 0x01, 0x00 }, {/* spell #413 */
        { 0 } } },
    { { 0x1e, 0x1d, 0x06, 0x00, 0x18, 0x40, 0x01, 0x01, 0x00, 0x65, 0x6d, 0x28, 0x04, 0x01, 0x09, 0xae, 0x00, 0x00, 0x09, 0xae, 0x00, 0x1d, 0x3b, 0x00, 0x00, 0x01, 0x2c, 0x00, 0x00, 0x00 }, {/* spell #414 */
        { 0x06, 0x05, 0x03, 0x19, 0xff, 0x00 },                 /* reply #414.1, PROP_TFT_STATUS */
        { 0 } } },
    { { 0x0c, 0x0b, 0x0c, 0x00, 0x00, 0x00, 0x00, 0x00, 0x01, 0x00, 0x02, 0x00 }, {/* spell #415 */
        { 0 } } },
    { { 0x0c, 0x0b, 0x0c, 0x00, 0x00, 0x00, 0x02, 0x37, 0x01, 0x00, 0x01, 0x00 }, {/* spell #416 */
        { 0 } } },
    { { 0x1e, 0x1d, 0x06, 0x00, 0x18, 0x40, 0x01, 0x01, 0x00, 0x63, 0x6d, 0x28, 0x04, 0x01, 0x0a, 0x0f, 0x00, 0x00, 0x0a, 0x0f, 0x00, 0x1d, 0x3b, 0x00, 0x00, 0x01, 0x2c, 0x00, 0x00, 0x00 }, {/* spell #417 */
        { 0x06, 0x05, 0x03, 0x19, 0xff, 0x00 },                 /* reply #417.1, PROP_TFT_STATUS */
        { 0 } } },
    { { 0x0c, 0x0b, 0x0c, 0x00, 0x00, 0x00, 0x00, 0x00, 0x01, 0x00, 0x02, 0x00 }, {/* spell #418 */
        { 0 } } },
    { { 0x0c, 0x0b, 0x0c, 0x00, 0x00, 0x00, 0x02, 0x37, 0x01, 0x00, 0x01, 0x00 }, {/* spell #419 */
        { 0 } } },
    { { 0x1e, 0x1d, 0x06, 0x00, 0x18, 0x40, 0x01, 0x01, 0x00, 0x60, 0x6d, 0x28, 0x04, 0x01, 0x0a, 0x76, 0x00, 0x00, 0x0a, 0x76, 0x00, 0x1d, 0x3b, 0x00, 0x00, 0x01, 0x2c, 0x00, 0x00, 0x00 }, {/* spell #420 */
        { 0x06, 0x05, 0x03, 0x19, 0xff, 0x00 },                 /* reply #420.1, PROP_TFT_STATUS */
        { 0 } } },
    { { 0x0c, 0x0b, 0x0c, 0x00, 0x00, 0x00, 0x00, 0x00, 0x01, 0x00, 0x02, 0x00 }, {/* spell #421 */
        { 0 } } },
    { { 0x0c, 0x0b, 0x0c, 0x00, 0x00, 0x00, 0x02, 0x37, 0x01, 0x00, 0x01, 0x00 }, {/* spell #422 */
        { 0 } } },
    { { 0x1e, 0x1d, 0x06, 0x00, 0x18, 0x40, 0x01, 0x01, 0x00, 0x5d, 0x6d, 0x28, 0x04, 0x01, 0x0a, 0xdd, 0x00, 0x00, 0x0a, 0xdd, 0x00, 0x1d, 0x3b, 0x00, 0x00, 0x01, 0x2c, 0x00, 0x00, 0x00 }, {/* spell #423 */
        { 0x06, 0x05, 0x03, 0x19, 0xff, 0x00 },                 /* reply #423.1, PROP_TFT_STATUS */
        { 0 } } },
    { { 0x0c, 0x0b, 0x0c, 0x00, 0x00, 0x00, 0x00, 0x00, 0x01, 0x00, 0x02, 0x00 }, {/* spell #424 */
        { 0 } } },
    { { 0x0c, 0x0b, 0x0c, 0x00, 0x00, 0x00, 0x02, 0x37, 0x01, 0x00, 0x01, 0x00 }, {/* spell #425 */
        { 0 } } },
    { { 0x1e, 0x1d, 0x06, 0x00, 0x18, 0x40, 0x01, 0x01, 0x00, 0x5b, 0x6d, 0x28, 0x04, 0x01, 0x0b, 0x4a, 0x00, 0x00, 0x0b, 0x4a, 0x00, 0x1d, 0x3b, 0x00, 0x00, 0x01, 0x2c, 0x00, 0x00, 0x00 }, {/* spell #426 */
        { 0x06, 0x05, 0x03, 0x19, 0xff, 0x00 },                 /* reply #426.1, PROP_TFT_STATUS */
        { 0 } } },
    { { 0x0c, 0x0b, 0x0c, 0x00, 0x00, 0x00, 0x00, 0x00, 0x01, 0x00, 0x02, 0x00 }, {/* spell #427 */
        { 0 } } },
    { { 0x0c, 0x0b, 0x0c, 0x00, 0x00, 0x00, 0x02, 0x37, 0x01, 0x00, 0x01, 0x00 }, {/* spell #428 */
        { 0 } } },
    { { 0x1e, 0x1d, 0x06, 0x00, 0x18, 0x40, 0x01, 0x01, 0x00, 0x58, 0x6d, 0x28, 0x04, 0x01, 0x0b, 0xc1, 0x00, 0x00, 0x0b, 0xc1, 0x00, 0x1d, 0x3b, 0x00, 0x00, 0x01, 0x2c, 0x00, 0x00, 0x00 }, {/* spell #429 */
        { 0x06, 0x05, 0x03, 0x19, 0xff, 0x00 },                 /* reply #429.1, PROP_TFT_STATUS */
        { 0 } } },
    { { 0x0c, 0x0b, 0x0c, 0x00, 0x00, 0x00, 0x00, 0x00, 0x01, 0x00, 0x02, 0x00 }, {/* spell #430 */
        { 0 } } },
    { { 0x0c, 0x0b, 0x0c, 0x00, 0x00, 0x00, 0x02, 0x37, 0x01, 0x00, 0x01, 0x00 }, {/* spell #431 */
        { 0 } } },
    { { 0x1e, 0x1d, 0x06, 0x00, 0x18, 0x40, 0x01, 0x01, 0x00, 0x55, 0x6d, 0x28, 0x04, 0x01, 0x0b, 0xac, 0x00, 0x00, 0x0b, 0xac, 0x00, 0x1d, 0x3b, 0x00, 0x00, 0x01, 0x2c, 0x00, 0x00, 0x00 }, {/* spell #432 */
        { 0x06, 0x05, 0x03, 0x19, 0xff, 0x00 },                 /* reply #432.1, PROP_TFT_STATUS */
        { 0 } } },
    { { 0x0c, 0x0b, 0x0c, 0x00, 0x00, 0x00, 0x00, 0x00, 0x01, 0x00, 0x02, 0x00 }, {/* spell #433 */
        { 0 } } },
    { { 0x0c, 0x0b, 0x0c, 0x00, 0x00, 0x00, 0x02, 0x37, 0x01, 0x00, 0x01, 0x00 }, {/* spell #434 */
        { 0 } } },
    { { 0x1e, 0x1d, 0x06, 0x00, 0x18, 0x40, 0x01, 0x01, 0x00, 0x53, 0x6d, 0x28, 0x04, 0x01, 0x0b, 0x96, 0x00, 0x00, 0x0b, 0x96, 0x00, 0x1d, 0x3b, 0x00, 0x00, 0x01, 0x2c, 0x00, 0x00, 0x00 }, {/* spell #435 */
        { 0x06, 0x05, 0x03, 0x19, 0xff, 0x00 },                 /* reply #435.1, PROP_TFT_STATUS */
        { 0 } } },
    { { 0x0c, 0x0b, 0x0c, 0x00, 0x00, 0x00, 0x00, 0x00, 0x01, 0x00, 0x02, 0x00 }, {/* spell #436 */
        { 0 } } },
    { { 0x0c, 0x0b, 0x0c, 0x00, 0x00, 0x00, 0x02, 0x37, 0x01, 0x00, 0x01, 0x00 }, {/* spell #437 */
        { 0 } } },
    { { 0x1e, 0x1d, 0x06, 0x00, 0x18, 0x40, 0x01, 0x01, 0x00, 0x50, 0x6d, 0x28, 0x04, 0x01, 0x0b, 0x81, 0x00, 0x00, 0x0b, 0x81, 0x00, 0x1d, 0x3b, 0x00, 0x00, 0x01, 0x2c, 0x00, 0x00, 0x00 }, {/* spell #438 */
        { 0x06, 0x05, 0x03, 0x19, 0xff, 0x00 },                 /* reply #438.1, PROP_TFT_STATUS */
        { 0 } } },
    { { 0x0c, 0x0b, 0x0c, 0x00, 0x00, 0x00, 0x00, 0x00, 0x01, 0x00, 0x02, 0x00 }, {/* spell #439 */
        { 0 } } },
    { { 0x0c, 0x0b, 0x0c, 0x00, 0x00, 0x00, 0x02, 0x37, 0x01, 0x00, 0x01, 0x00 }, {/* spell #440 */
        { 0 } } },
    { { 0x1e, 0x1d, 0x06, 0x00, 0x18, 0x40, 0x01, 0x01, 0x00, 0x4d, 0x6d, 0x28, 0x04, 0x01, 0x0b, 0xd3, 0x00, 0x00, 0x0b, 0xd3, 0x00, 0x1d, 0x3b, 0x00, 0x00, 0x01, 0x2c, 0x00, 0x00, 0x00 }, {/* spell #441 */
        { 0x06, 0x05, 0x03, 0x19, 0xff, 0x00 },                 /* reply #441.1, PROP_TFT_STATUS */
        { 0 } } },
    { { 0x0c, 0x0b, 0x0c, 0x00, 0x00, 0x00, 0x00, 0x00, 0x01, 0x00, 0x02, 0x00 }, {/* spell #442 */
        { 0 } } },
    { { 0x0c, 0x0b, 0x0c, 0x00, 0x00, 0x00, 0x02, 0x37, 0x01, 0x00, 0x01, 0x00 }, {/* spell #443 */
        { 0 } } },
    { { 0x1e, 0x1d, 0x06, 0x00, 0x18, 0x40, 0x01, 0x01, 0x00, 0x4b, 0x6d, 0x28, 0x04, 0x01, 0x0c, 0x2a, 0x00, 0x00, 0x0c, 0x2a, 0x00, 0x1d, 0x3b, 0x00, 0x00, 0x01, 0x2c, 0x00, 0x00, 0x00 }, {/* spell #444 */
        { 0x06, 0x05, 0x03, 0x19, 0xff, 0x00 },                 /* reply #444.1, PROP_TFT_STATUS */
        { 0 } } },
    { { 0x0c, 0x0b, 0x0c, 0x00, 0x00, 0x00, 0x00, 0x00, 0x01, 0x00, 0x02, 0x00 }, {/* spell #445 */
        { 0 } } },
    { { 0x0c, 0x0b, 0x0c, 0x00, 0x00, 0x00, 0x02, 0x37, 0x01, 0x00, 0x01, 0x00 }, {/* spell #446 */
        { 0 } } },
    { { 0x1e, 0x1d, 0x06, 0x00, 0x18, 0x40, 0x01, 0x01, 0x00, 0x48, 0x6d, 0x28, 0x04, 0x01, 0x0c, 0x85, 0x00, 0x00, 0x0c, 0x85, 0x00, 0x1d, 0x3b, 0x00, 0x00, 0x01, 0x2c, 0x00, 0x00, 0x00 }, {/* spell #447 */
        { 0x06, 0x05, 0x03, 0x19, 0xff, 0x00 },                 /* reply #447.1, PROP_TFT_STATUS */
        { 0 } } },
    { { 0x0c, 0x0b, 0x0c, 0x00, 0x00, 0x00, 0x00, 0x00, 0x01, 0x00, 0x02, 0x00 }, {/* spell #448 */
        { 0 } } },
    { { 0x0c, 0x0b, 0x0c, 0x00, 0x00, 0x00, 0x02, 0x37, 0x01, 0x00, 0x01, 0x00 }, {/* spell #449 */
        { 0 } } },
    { { 0x1e, 0x1d, 0x06, 0x00, 0x18, 0x40, 0x01, 0x01, 0x00, 0x45, 0x6d, 0x28, 0x04, 0x01, 0x0c, 0xb8, 0x00, 0x00, 0x0c, 0xb8, 0x00, 0x1d, 0x3b, 0x00, 0x00, 0x01, 0x2c, 0x00, 0x00, 0x00 }, {/* spell #450 */
        { 0x06, 0x05, 0x03, 0x19, 0xff, 0x00 },                 /* reply #450.1, PROP_TFT_STATUS */
        { 0 } } },
    { { 0x0c, 0x0b, 0x0c, 0x00, 0x00, 0x00, 0x00, 0x00, 0x01, 0x00, 0x02, 0x00 }, {/* spell #451 */
        { 0 } } },
    { { 0x0c, 0x0b, 0x0c, 0x00, 0x00, 0x00, 0x02, 0x37, 0x01, 0x00, 0x01, 0x00 }, {/* spell #452 */
        { 0 } } },
    { { 0x1e, 0x1d, 0x06, 0x00, 0x18, 0x40, 0x01, 0x01, 0x00, 0x43, 0x6d, 0x28, 0x04, 0x01, 0x0c, 0xed, 0x00, 0x00, 0x0c, 0xed, 0x00, 0x1d, 0x3b, 0x00, 0x00, 0x01, 0x2c, 0x00, 0x00, 0x00 }, {/* spell #453 */
        { 0x06, 0x05, 0x03, 0x19, 0xff, 0x00 },                 /* reply #453.1, PROP_TFT_STATUS */
        { 0 } } },
    { { 0x0c, 0x0b, 0x0c, 0x00, 0x00, 0x00, 0x00, 0x00, 0x01, 0x00, 0x02, 0x00 }, {/* spell #454 */
        { 0 } } },
    { { 0x0c, 0x0b, 0x0c, 0x00, 0x00, 0x00, 0x02, 0x37, 0x01, 0x00, 0x01, 0x00 }, {/* spell #455 */
        { 0 } } },
    { { 0x1e, 0x1d, 0x06, 0x00, 0x18, 0x40, 0x01, 0x01, 0x00, 0x40, 0x6d, 0x28, 0x04, 0x01, 0x0d, 0x23, 0x00, 0x00, 0x0d, 0x23, 0x00, 0x1d, 0x3b, 0x00, 0x00, 0x01, 0x2c, 0x00, 0x00, 0x00 }, {/* spell #456 */
        { 0x06, 0x05, 0x03, 0x19, 0xff, 0x00 },                 /* reply #456.1, PROP_TFT_STATUS */
        { 0 } } },
    { { 0x0c, 0x0b, 0x0c, 0x00, 0x00, 0x00, 0x00, 0x00, 0x01, 0x00, 0x02, 0x00 }, {/* spell #457 */
        { 0 } } },
    { { 0x0c, 0x0b, 0x0c, 0x00, 0x00, 0x00, 0x02, 0x37, 0x01, 0x00, 0x01, 0x00 }, {/* spell #458 */
        { 0 } } },
    { { 0x1e, 0x1d, 0x06, 0x00, 0x18, 0x40, 0x01, 0x01, 0x00, 0x3d, 0x6d, 0x28, 0x04, 0x01, 0x0c, 0xfe, 0x00, 0x00, 0x0c, 0xfe, 0x00, 0x1d, 0x3b, 0x00, 0x00, 0x01, 0x2c, 0x00, 0x00, 0x00 }, {/* spell #459 */
        { 0x06, 0x05, 0x03, 0x19, 0xff, 0x00 },                 /* reply #459.1, PROP_TFT_STATUS */
        { 0 } } },
    { { 0x0c, 0x0b, 0x0c, 0x00, 0x00, 0x00, 0x00, 0x00, 0x01, 0x00, 0x02, 0x00 }, {/* spell #460 */
        { 0 } } },
    { { 0x0c, 0x0b, 0x0c, 0x00, 0x00, 0x00, 0x02, 0x37, 0x01, 0x00, 0x01, 0x00 }, {/* spell #461 */
        { 0 } } },
    { { 0x1e, 0x1d, 0x06, 0x00, 0x18, 0x40, 0x01, 0x01, 0x00, 0x3b, 0x6d, 0x28, 0x04, 0x01, 0x0c, 0xda, 0x00, 0x00, 0x0c, 0xda, 0x00, 0x1d, 0x3b, 0x00, 0x00, 0x01, 0x2c, 0x00, 0x00, 0x00 }, {/* spell #462 */
        { 0x06, 0x05, 0x03, 0x19, 0xff, 0x00 },                 /* reply #462.1, PROP_TFT_STATUS */
        { 0 } } },
    { { 0x0c, 0x0b, 0x0c, 0x00, 0x00, 0x00, 0x00, 0x00, 0x01, 0x00, 0x02, 0x00 }, {/* spell #463 */
        { 0 } } },
    { { 0x0c, 0x0b, 0x0c, 0x00, 0x00, 0x00, 0x02, 0x37, 0x01, 0x00, 0x01, 0x00 }, {/* spell #464 */
        { 0 } } },
    { { 0x1e, 0x1d, 0x06, 0x00, 0x18, 0x40, 0x01, 0x01, 0x00, 0x38, 0x6d, 0x28, 0x04, 0x01, 0x0c, 0xb7, 0x00, 0x00, 0x0c, 0xb7, 0x00, 0x1d, 0x3b, 0x00, 0x00, 0x01, 0x2c, 0x00, 0x00, 0x00 }, {/* spell #465 */
        { 0x06, 0x05, 0x03, 0x19, 0xff, 0x00 },                 /* reply #465.1, PROP_TFT_STATUS */
        { 0 } } },
    { { 0x0c, 0x0b, 0x0c, 0x00, 0x00, 0x00, 0x00, 0x00, 0x01, 0x00, 0x02, 0x00 }, {/* spell #466 */
        { 0 } } },
    { { 0x0c, 0x0b, 0x0c, 0x00, 0x00, 0x00, 0x02, 0x37, 0x01, 0x00, 0x01, 0x00 }, {/* spell #467 */
        { 0 } } },
    { { 0x1e, 0x1d, 0x06, 0x00, 0x18, 0x40, 0x01, 0x01, 0x00, 0x35, 0x6d, 0x28, 0x04, 0x01, 0x0c, 0xe8, 0x00, 0x00, 0x0c, 0xe8, 0x00, 0x1d, 0x3b, 0x00, 0x00, 0x01, 0x2c, 0x00, 0x00, 0x00 }, {/* spell #468 */
        { 0x06, 0x05, 0x03, 0x19, 0xff, 0x00 },                 /* reply #468.1, PROP_TFT_STATUS */
        { 0 } } },
    { { 0x0c, 0x0b, 0x0c, 0x00, 0x00, 0x00, 0x00, 0x00, 0x01, 0x00, 0x02, 0x00 }, {/* spell #469 */
        { 0 } } },
    { { 0x0c, 0x0b, 0x0c, 0x00, 0x00, 0x00, 0x02, 0x37, 0x01, 0x00, 0x01, 0x00 }, {/* spell #470 */
        { 0 } } },
    { { 0x1e, 0x1d, 0x06, 0x00, 0x18, 0x40, 0x01, 0x01, 0x00, 0x33, 0x6d, 0x28, 0x04, 0x01, 0x0d, 0x1b, 0x00, 0x00, 0x0d, 0x1b, 0x00, 0x1d, 0x3b, 0x00, 0x00, 0x01, 0x2c, 0x00, 0x00, 0x00 }, {/* spell #471 */
        { 0x06, 0x05, 0x03, 0x19, 0xff, 0x00 },                 /* reply #471.1, PROP_TFT_STATUS */
        { 0 } } },
    { { 0x0c, 0x0b, 0x0c, 0x00, 0x00, 0x00, 0x00, 0x00, 0x01, 0x00, 0x02, 0x00 }, {/* spell #472 */
        { 0 } } },
    { { 0x0c, 0x0b, 0x0c, 0x00, 0x00, 0x00, 0x02, 0x37, 0x01, 0x00, 0x01, 0x00 }, {/* spell #473 */
        { 0 } } },
    { { 0x1e, 0x1d, 0x06, 0x00, 0x18, 0x40, 0x01, 0x01, 0x00, 0x30, 0x6d, 0x28, 0x04, 0x01, 0x0d, 0x4f, 0x00, 0x00, 0x0d, 0x4f, 0x00, 0x1d, 0x3b, 0x00, 0x00, 0x01, 0x2c, 0x00, 0x00, 0x00 }, {/* spell #474 */
        { 0x06, 0x05, 0x03, 0x19, 0xff, 0x00 },                 /* reply #474.1, PROP_TFT_STATUS */
        { 0 } } },
    { { 0x0c, 0x0b, 0x0c, 0x00, 0x00, 0x00, 0x00, 0x00, 0x01, 0x00, 0x02, 0x00 }, {/* spell #475 */
        { 0 } } },
    { { 0x0c, 0x0b, 0x0c, 0x00, 0x00, 0x00, 0x02, 0x37, 0x01, 0x00, 0x01, 0x00 }, {/* spell #476 */
        { 0 } } },
    { { 0x1e, 0x1d, 0x06, 0x00, 0x18, 0x40, 0x01, 0x01, 0x00, 0x2d, 0x6d, 0x28, 0x04, 0x01, 0x0d, 0x64, 0x00, 0x00, 0x0d, 0x64, 0x00, 0x1d, 0x3b, 0x00, 0x00, 0x01, 0x2c, 0x00, 0x00, 0x00 }, {/* spell #477 */
        { 0x06, 0x05, 0x03, 0x19, 0xff, 0x00 },                 /* reply #477.1, PROP_TFT_STATUS */
        { 0 } } },
    { { 0x0c, 0x0b, 0x0c, 0x00, 0x00, 0x00, 0x00, 0x00, 0x01, 0x00, 0x02, 0x00 }, {/* spell #478 */
        { 0 } } },
    { { 0x0c, 0x0b, 0x0c, 0x00, 0x00, 0x00, 0x02, 0x37, 0x01, 0x00, 0x01, 0x00 }, {/* spell #479 */
        { 0 } } },
    { { 0x1e, 0x1d, 0x06, 0x00, 0x18, 0x40, 0x01, 0x01, 0x00, 0x2b, 0x6d, 0x28, 0x04, 0x01, 0x0d, 0x78, 0x00, 0x00, 0x0d, 0x78, 0x00, 0x1d, 0x3b, 0x00, 0x00, 0x01, 0x2c, 0x00, 0x00, 0x00 }, {/* spell #480 */
        { 0x06, 0x05, 0x03, 0x19, 0xff, 0x00 },                 /* reply #480.1, PROP_TFT_STATUS */
        { 0 } } },
    { { 0x0c, 0x0b, 0x0c, 0x00, 0x00, 0x00, 0x00, 0x00, 0x01, 0x00, 0x02, 0x00 }, {/* spell #481 */
        { 0 } } },
    { { 0x0c, 0x0b, 0x0c, 0x00, 0x00, 0x00, 0x02, 0x37, 0x01, 0x00, 0x01, 0x00 }, {/* spell #482 */
        { 0 } } },
    { { 0x1e, 0x1d, 0x06, 0x00, 0x18, 0x40, 0x01, 0x01, 0x00, 0x28, 0x6d, 0x28, 0x04, 0x01, 0x0d, 0x8b, 0x00, 0x00, 0x0d, 0x8b, 0x00, 0x1d, 0x3b, 0x00, 0x00, 0x01, 0x2c, 0x00, 0x00, 0x00 }, {/* spell #483 */
        { 0x06, 0x05, 0x03, 0x19, 0xff, 0x00 },                 /* reply #483.1, PROP_TFT_STATUS */
        { 0 } } },
    { { 0x0c, 0x0b, 0x0c, 0x00, 0x00, 0x00, 0x00, 0x00, 0x01, 0x00, 0x02, 0x00 }, {/* spell #484 */
        { 0 } } },
    { { 0x0c, 0x0b, 0x0c, 0x00, 0x00, 0x00, 0x02, 0x37, 0x01, 0x00, 0x01, 0x00 }, {/* spell #485 */
        { 0 } } },
    { { 0x2c, 0x2a, 0x06, 0x00, 0x58, 0x42, 0x01, 0x01, 0x00, 0x00, 0x6d, 0x28, 0x04, 0x01, 0x0a, 0x76, 0x01, 0x01, 0x03, 0x00, 0x00, 0x00, 0x00, 0x01, 0x01, 0x00, 0x00, 0x40, 0x00, 0x00, 0x00, 0x0a, 0x76, 0x00, 0x1d, 0x3b, 0x00, 0x00, 0x01, 0x2c, 0x00, 0x00, 0x00, 0x00 }, {/* spell #486 */
        { 0x06, 0x05, 0x03, 0x19, 0xff, 0x00 },                 /* reply #486.1, PROP_TFT_STATUS */
        { 0 } } },
    { { 0x0c, 0x0b, 0x0c, 0x00, 0x00, 0x00, 0x00, 0x00, 0x01, 0x00, 0x02, 0x00 }, {/* spell #487 */
        { 0 } } },
    { { 0x0c, 0x0b, 0x0c, 0x00, 0x00, 0x00, 0x02, 0x37, 0x01, 0x00, 0x01, 0x00 }, {/* spell #488 */
        { 0x06, 0x05, 0x03, 0x19, 0xff, 0x00 },                 /* reply #488.1, PROP_TFT_STATUS */
        { 0 } } },
    { { 0x0c, 0x0b, 0x0c, 0x00, 0x00, 0x00, 0x00, 0x00, 0x01, 0x00, 0x02, 0x00 }, {/* spell #489 */
        { 0 } } },
    { { 0x0c, 0x0b, 0x0c, 0x00, 0x00, 0x00, 0x02, 0x37, 0x01, 0x00, 0x01, 0x00 }, {/* spell #490 */
        { 0x06, 0x05, 0x03, 0x19, 0xff, 0x00 },                 /* reply #490.1, PROP_TFT_STATUS */
        { 0 } } },
    { { 0x0c, 0x0b, 0x0c, 0x00, 0x00, 0x00, 0x00, 0x00, 0x01, 0x00, 0x02, 0x00 }, {/* spell #491 */
        { 0 } } },
    { { 0x0c, 0x0b, 0x0c, 0x00, 0x00, 0x00, 0x02, 0x37, 0x01, 0x00, 0x01, 0x00 }, {/* spell #492 */
        { 0 } } },
    { { 0x40, 0x3e, 0x06, 0x00, 0x00, 0x20, 0x03, 0x00, 0x08, 0x00, 0x01, 0x04, 0x00, 0x00, 0x03, 0x81, 0x00, 0x00, 0x00, 0x01, 0x01, 0x02, 0x00, 0x00, 0x00, 0x00, 0x00, 0x00, 0x00, 0x00, 0x00, 0x00, 0x00, 0x01, 0x00, 0x03, 0x03, 0x00, 0x0b, 0xb5, 0x02, 0x00, 0x00, 0x00, 0x00, 0x03, 0x00, 0x00, 0x05, 0x01, 0x02, 0x03, 0x04, 0x05, 0x00, 0x02, 0x02, 0x02, 0x00, 0x03, 0x00, 0x00, 0x00, 0x00 }, {/* spell #493 */
        { 0x06, 0x05, 0x03, 0x1a, 0xff, 0x00 },                 /* reply #493.1 */
        { 0 } } },
    { { 0x0c, 0x0b, 0x0c, 0x00, 0x00, 0x00, 0x00, 0x00, 0x01, 0x00, 0x02, 0x00 }, {/* spell #494 */
        { 0 } } },
    { { 0x0c, 0x0b, 0x0c, 0x00, 0x00, 0x00, 0x02, 0x37, 0x01, 0x00, 0x01, 0x00 }, {/* spell #495 */
        { 0x06, 0x05, 0x03, 0x19, 0x01, 0x00 },                 /* reply #495.1, PROP_TFT_STATUS */
        { 0 } } },
    { { 0x10, 0x0e, 0x06, 0x00, 0x40, 0x00, 0x01, 0x01, 0x03, 0x01, 0x01, 0x03, 0x00, 0x01, 0x00, 0x00 }, {/* spell #496 */
        { 0 } } },
    { { 0x0c, 0x0b, 0x0c, 0x00, 0x00, 0x00, 0x00, 0x00, 0x01, 0x00, 0x02, 0x00 }, {/* spell #497 */
        { 0 } } },
    { { 0x0c, 0x0b, 0x0c, 0x00, 0x00, 0x00, 0x02, 0x37, 0x01, 0x00, 0x01, 0x00 }, {/* spell #498 */
        { 0 } } },
    { { 0x10, 0x0e, 0x06, 0x00, 0x40, 0x00, 0x01, 0x01, 0x03, 0x01, 0x01, 0x05, 0x00, 0x01, 0x00, 0x00 }, {/* spell #499 */
        { 0x06, 0x05, 0x03, 0x19, 0x01, 0x00 },                 /* reply #499.1, PROP_TFT_STATUS */
        { 0 } } },
    { { 0x0c, 0x0b, 0x0c, 0x00, 0x00, 0x00, 0x00, 0x00, 0x01, 0x00, 0x02, 0x00 }, {/* spell #500 */
        { 0 } } },
    { { 0x0c, 0x0b, 0x0c, 0x00, 0x00, 0x00, 0x02, 0x37, 0x01, 0x00, 0x01, 0x00 }, {/* spell #501 */
        { 0 } } },
    { { 0x10, 0x0e, 0x06, 0x00, 0x40, 0x00, 0x01, 0x01, 0x03, 0x01, 0x01, 0x08, 0x00, 0x01, 0x00, 0x00 }, {/* spell #502 */
        { 0x06, 0x05, 0x03, 0x19, 0x01, 0x00 },                 /* reply #502.1, PROP_TFT_STATUS */
        { 0 } } },
    { { 0x0c, 0x0b, 0x0c, 0x00, 0x00, 0x00, 0x00, 0x00, 0x01, 0x00, 0x02, 0x00 }, {/* spell #503 */
        { 0 } } },
    { { 0x0c, 0x0b, 0x0c, 0x00, 0x00, 0x00, 0x02, 0x37, 0x01, 0x00, 0x01, 0x00 }, {/* spell #504 */
        { 0 } } },
    { { 0x10, 0x0e, 0x06, 0x00, 0x40, 0x00, 0x01, 0x01, 0x03, 0x01, 0x01, 0x0b, 0x00, 0x01, 0x00, 0x00 }, {/* spell #505 */
        { 0x06, 0x05, 0x03, 0x19, 0x01, 0x00 },                 /* reply #505.1, PROP_TFT_STATUS */
        { 0 } } },
    { { 0x0c, 0x0b, 0x0c, 0x00, 0x00, 0x00, 0x00, 0x00, 0x01, 0x00, 0x02, 0x00 }, {/* spell #506 */
        { 0 } } },
    { { 0x0c, 0x0b, 0x0c, 0x00, 0x00, 0x00, 0x02, 0x37, 0x01, 0x00, 0x01, 0x00 }, {/* spell #507 */
        { 0 } } },
    { { 0x10, 0x0e, 0x06, 0x00, 0x40, 0x00, 0x01, 0x01, 0x03, 0x01, 0x01, 0x0d, 0x00, 0x01, 0x00, 0x00 }, {/* spell #508 */
        { 0x06, 0x05, 0x03, 0x19, 0x01, 0x00 },                 /* reply #508.1, PROP_TFT_STATUS */
        { 0 } } },
    { { 0x0c, 0x0b, 0x0c, 0x00, 0x00, 0x00, 0x00, 0x00, 0x01, 0x00, 0x02, 0x00 }, {/* spell #509 */
        { 0 } } },
    { { 0x0c, 0x0b, 0x0c, 0x00, 0x00, 0x00, 0x02, 0x37, 0x01, 0x00, 0x01, 0x00 }, {/* spell #510 */
        { 0 } } },
    { { 0x10, 0x0e, 0x06, 0x00, 0x40, 0x00, 0x01, 0x01, 0x03, 0x01, 0x01, 0x10, 0x00, 0x01, 0x00, 0x00 }, {/* spell #511 */
        { 0x06, 0x05, 0x03, 0x19, 0x01, 0x00 },                 /* reply #511.1, PROP_TFT_STATUS */
        { 0 } } },
    { { 0x0c, 0x0b, 0x0c, 0x00, 0x00, 0x00, 0x00, 0x00, 0x01, 0x00, 0x02, 0x00 }, {/* spell #512 */
        { 0 } } },
    { { 0x0c, 0x0b, 0x0c, 0x00, 0x00, 0x00, 0x02, 0x37, 0x01, 0x00, 0x01, 0x00 }, {/* spell #513 */
        { 0 } } },
    { { 0x10, 0x0e, 0x06, 0x00, 0x40, 0x00, 0x01, 0x01, 0x03, 0x01, 0x01, 0x13, 0x00, 0x01, 0x00, 0x00 }, {/* spell #514 */
        { 0x06, 0x05, 0x03, 0x19, 0x01, 0x00 },                 /* reply #514.1, PROP_TFT_STATUS */
        { 0 } } },
    { { 0x0c, 0x0b, 0x0c, 0x00, 0x00, 0x00, 0x00, 0x00, 0x01, 0x00, 0x02, 0x00 }, {/* spell #515 */
        { 0 } } },
    { { 0x0c, 0x0b, 0x0c, 0x00, 0x00, 0x00, 0x02, 0x37, 0x01, 0x00, 0x01, 0x00 }, {/* spell #516 */
        { 0 } } },
    { { 0x10, 0x0e, 0x06, 0x00, 0x40, 0x00, 0x01, 0x01, 0x03, 0x01, 0x01, 0x15, 0x00, 0x01, 0x00, 0x00 }, {/* spell #517 */
        { 0x06, 0x05, 0x03, 0x19, 0x01, 0x00 },                 /* reply #517.1, PROP_TFT_STATUS */
        { 0 } } },
    { { 0x0c, 0x0b, 0x0c, 0x00, 0x00, 0x00, 0x00, 0x00, 0x01, 0x00, 0x02, 0x00 }, {/* spell #518 */
        { 0 } } },
    { { 0x0c, 0x0b, 0x0c, 0x00, 0x00, 0x00, 0x02, 0x37, 0x01, 0x00, 0x01, 0x00 }, {/* spell #519 */
        { 0 } } },
    { { 0x10, 0x0e, 0x06, 0x00, 0x40, 0x00, 0x01, 0x01, 0x03, 0x01, 0x01, 0x18, 0x00, 0x01, 0x00, 0x00 }, {/* spell #520 */
        { 0x06, 0x05, 0x03, 0x19, 0x01, 0x00 },                 /* reply #520.1, PROP_TFT_STATUS */
        { 0 } } },
    { { 0x0c, 0x0b, 0x0c, 0x00, 0x00, 0x00, 0x00, 0x00, 0x01, 0x00, 0x02, 0x00 }, {/* spell #521 */
        { 0 } } },
    { { 0x0c, 0x0b, 0x0c, 0x00, 0x00, 0x00, 0x02, 0x37, 0x01, 0x00, 0x01, 0x00 }, {/* spell #522 */
        { 0x06, 0x05, 0x03, 0x19, 0x01, 0x00 },                 /* reply #522.1, PROP_TFT_STATUS */
        { 0 } } },
    { { 0x0c, 0x0b, 0x0c, 0x00, 0x00, 0x00, 0x00, 0x00, 0x01, 0x00, 0x02, 0x00 }, {/* spell #523 */
        { 0 } } },
    { { 0x0c, 0x0b, 0x0c, 0x00, 0x00, 0x00, 0x02, 0x37, 0x01, 0x00, 0x01, 0x00 }, {/* spell #524 */
        { 0x06, 0x05, 0x03, 0x19, 0x01, 0x00 },                 /* reply #524.1, PROP_TFT_STATUS */
        { 0 } } },
    { { 0x0c, 0x0b, 0x0c, 0x00, 0x00, 0x00, 0x00, 0x00, 0x01, 0x00, 0x02, 0x00 }, {/* spell #525 */
        { 0 } } },
    { { 0x0c, 0x0b, 0x0c, 0x00, 0x00, 0x00, 0x02, 0x37, 0x01, 0x00, 0x01, 0x00 }, {/* spell #526 */
        { 0 } } },
    { { 0x10, 0x0e, 0x06, 0x00, 0x40, 0x00, 0x01, 0x01, 0x03, 0x01, 0x01, 0x15, 0x00, 0x01, 0x00, 0x00 }, {/* spell #527 */
        { 0x06, 0x05, 0x03, 0x19, 0xff, 0x00 },                 /* reply #527.1, PROP_TFT_STATUS */
        { 0 } } },
    { { 0x0c, 0x0b, 0x0c, 0x00, 0x00, 0x00, 0x00, 0x00, 0x01, 0x00, 0x02, 0x00 }, {/* spell #528 */
        { 0 } } },
    { { 0x0c, 0x0b, 0x0c, 0x00, 0x00, 0x00, 0x02, 0x37, 0x01, 0x00, 0x01, 0x00 }, {/* spell #529 */
        { 0 } } },
    { { 0x10, 0x0e, 0x06, 0x00, 0x40, 0x00, 0x01, 0x01, 0x03, 0x01, 0x01, 0x13, 0x00, 0x01, 0x00, 0x00 }, {/* spell #530 */
        { 0x06, 0x05, 0x03, 0x19, 0xff, 0x00 },                 /* reply #530.1, PROP_TFT_STATUS */
        { 0 } } },
    { { 0x0c, 0x0b, 0x0c, 0x00, 0x00, 0x00, 0x00, 0x00, 0x01, 0x00, 0x02, 0x00 }, {/* spell #531 */
        { 0 } } },
    { { 0x0c, 0x0b, 0x0c, 0x00, 0x00, 0x00, 0x02, 0x37, 0x01, 0x00, 0x01, 0x00 }, {/* spell #532 */
        { 0 } } },
    { { 0x10, 0x0e, 0x06, 0x00, 0x40, 0x00, 0x01, 0x01, 0x03, 0x01, 0x01, 0x10, 0x00, 0x01, 0x00, 0x00 }, {/* spell #533 */
        { 0x06, 0x05, 0x03, 0x19, 0xff, 0x00 },                 /* reply #533.1, PROP_TFT_STATUS */
        { 0 } } },
    { { 0x0c, 0x0b, 0x0c, 0x00, 0x00, 0x00, 0x00, 0x00, 0x01, 0x00, 0x02, 0x00 }, {/* spell #534 */
        { 0 } } },
    { { 0x0c, 0x0b, 0x0c, 0x00, 0x00, 0x00, 0x02, 0x37, 0x01, 0x00, 0x01, 0x00 }, {/* spell #535 */
        { 0 } } },
    { { 0x10, 0x0e, 0x06, 0x00, 0x40, 0x00, 0x01, 0x01, 0x03, 0x01, 0x01, 0x0d, 0x00, 0x01, 0x00, 0x00 }, {/* spell #536 */
        { 0x06, 0x05, 0x03, 0x19, 0xff, 0x00 },                 /* reply #536.1, PROP_TFT_STATUS */
        { 0 } } },
    { { 0x0c, 0x0b, 0x0c, 0x00, 0x00, 0x00, 0x00, 0x00, 0x01, 0x00, 0x02, 0x00 }, {/* spell #537 */
        { 0 } } },
    { { 0x0c, 0x0b, 0x0c, 0x00, 0x00, 0x00, 0x02, 0x37, 0x01, 0x00, 0x01, 0x00 }, {/* spell #538 */
        { 0 } } },
    { { 0x10, 0x0e, 0x06, 0x00, 0x40, 0x00, 0x01, 0x01, 0x03, 0x01, 0x01, 0x0b, 0x00, 0x01, 0x00, 0x00 }, {/* spell #539 */
        { 0x06, 0x05, 0x03, 0x19, 0xff, 0x00 },                 /* reply #539.1, PROP_TFT_STATUS */
        { 0 } } },
    { { 0x0c, 0x0b, 0x0c, 0x00, 0x00, 0x00, 0x00, 0x00, 0x01, 0x00, 0x02, 0x00 }, {/* spell #540 */
        { 0 } } },
    { { 0x0c, 0x0b, 0x0c, 0x00, 0x00, 0x00, 0x02, 0x37, 0x01, 0x00, 0x01, 0x00 }, {/* spell #541 */
        { 0 } } },
    { { 0x10, 0x0e, 0x06, 0x00, 0x40, 0x00, 0x01, 0x01, 0x03, 0x01, 0x01, 0x08, 0x00, 0x01, 0x00, 0x00 }, {/* spell #542 */
        { 0x06, 0x05, 0x03, 0x19, 0xff, 0x00 },                 /* reply #542.1, PROP_TFT_STATUS */
        { 0 } } },
    { { 0x0c, 0x0b, 0x0c, 0x00, 0x00, 0x00, 0x00, 0x00, 0x01, 0x00, 0x02, 0x00 }, {/* spell #543 */
        { 0 } } },
    { { 0x0c, 0x0b, 0x0c, 0x00, 0x00, 0x00, 0x02, 0x37, 0x01, 0x00, 0x01, 0x00 }, {/* spell #544 */
        { 0 } } },
    { { 0x10, 0x0e, 0x06, 0x00, 0x40, 0x00, 0x01, 0x01, 0x03, 0x01, 0x01, 0x05, 0x00, 0x01, 0x00, 0x00 }, {/* spell #545 */
        { 0x06, 0x05, 0x03, 0x19, 0xff, 0x00 },                 /* reply #545.1, PROP_TFT_STATUS */
        { 0 } } },
    { { 0x0c, 0x0b, 0x0c, 0x00, 0x00, 0x00, 0x00, 0x00, 0x01, 0x00, 0x02, 0x00 }, {/* spell #546 */
        { 0 } } },
    { { 0x0c, 0x0b, 0x0c, 0x00, 0x00, 0x00, 0x02, 0x37, 0x01, 0x00, 0x01, 0x00 }, {/* spell #547 */
        { 0 } } },
    { { 0x10, 0x0e, 0x06, 0x00, 0x40, 0x00, 0x01, 0x01, 0x03, 0x01, 0x01, 0x03, 0x00, 0x01, 0x00, 0x00 }, {/* spell #548 */
        { 0x06, 0x05, 0x03, 0x19, 0xff, 0x00 },                 /* reply #548.1, PROP_TFT_STATUS */
        { 0 } } },
    { { 0x0c, 0x0b, 0x0c, 0x00, 0x00, 0x00, 0x00, 0x00, 0x01, 0x00, 0x02, 0x00 }, {/* spell #549 */
        { 0 } } },
    { { 0x0c, 0x0b, 0x0c, 0x00, 0x00, 0x00, 0x02, 0x37, 0x01, 0x00, 0x01, 0x00 }, {/* spell #550 */
        { 0 } } },
    { { 0x10, 0x0e, 0x06, 0x00, 0x40, 0x00, 0x01, 0x01, 0x03, 0x00, 0x00, 0x00, 0x00, 0x01, 0x00, 0x00 }, {/* spell #551 */
        { 0x06, 0x05, 0x03, 0x19, 0xff, 0x00 },                 /* reply #551.1, PROP_TFT_STATUS */
        { 0 } } },
    { { 0x0c, 0x0b, 0x0c, 0x00, 0x00, 0x00, 0x00, 0x00, 0x01, 0x00, 0x02, 0x00 }, {/* spell #552 */
        { 0 } } },
    { { 0x0c, 0x0b, 0x0c, 0x00, 0x00, 0x00, 0x02, 0x37, 0x01, 0x00, 0x01, 0x00 }, {/* spell #553 */
        { 0 } } },
    { { 0x10, 0x0e, 0x06, 0x00, 0x40, 0x00, 0x01, 0x01, 0x03, 0x01, 0x01, 0xfd, 0x00, 0x01, 0x00, 0x00 }, {/* spell #554 */
        { 0x06, 0x05, 0x03, 0x19, 0xff, 0x00 },                 /* reply #554.1, PROP_TFT_STATUS */
        { 0 } } },
    { { 0x0c, 0x0b, 0x0c, 0x00, 0x00, 0x00, 0x00, 0x00, 0x01, 0x00, 0x02, 0x00 }, {/* spell #555 */
        { 0 } } },
    { { 0x0c, 0x0b, 0x0c, 0x00, 0x00, 0x00, 0x02, 0x37, 0x01, 0x00, 0x01, 0x00 }, {/* spell #556 */
        { 0 } } },
    { { 0x10, 0x0e, 0x06, 0x00, 0x40, 0x00, 0x01, 0x01, 0x03, 0x01, 0x01, 0xfb, 0x00, 0x01, 0x00, 0x00 }, {/* spell #557 */
        { 0x06, 0x05, 0x03, 0x19, 0xff, 0x00 },                 /* reply #557.1, PROP_TFT_STATUS */
        { 0 } } },
    { { 0x0c, 0x0b, 0x0c, 0x00, 0x00, 0x00, 0x00, 0x00, 0x01, 0x00, 0x02, 0x00 }, {/* spell #558 */
        { 0 } } },
    { { 0x0c, 0x0b, 0x0c, 0x00, 0x00, 0x00, 0x02, 0x37, 0x01, 0x00, 0x01, 0x00 }, {/* spell #559 */
        { 0 } } },
    { { 0x10, 0x0e, 0x06, 0x00, 0x40, 0x00, 0x01, 0x01, 0x03, 0x01, 0x01, 0xf8, 0x00, 0x01, 0x00, 0x00 }, {/* spell #560 */
        { 0x06, 0x05, 0x03, 0x19, 0xff, 0x00 },                 /* reply #560.1, PROP_TFT_STATUS */
        { 0 } } },
    { { 0x0c, 0x0b, 0x0c, 0x00, 0x00, 0x00, 0x00, 0x00, 0x01, 0x00, 0x02, 0x00 }, {/* spell #561 */
        { 0 } } },
    { { 0x0c, 0x0b, 0x0c, 0x00, 0x00, 0x00, 0x02, 0x37, 0x01, 0x00, 0x01, 0x00 }, {/* spell #562 */
        { 0 } } },
    { { 0x10, 0x0e, 0x06, 0x00, 0x40, 0x00, 0x01, 0x01, 0x03, 0x01, 0x01, 0xf5, 0x00, 0x01, 0x00, 0x00 }, {/* spell #563 */
        { 0x06, 0x05, 0x03, 0x19, 0xff, 0x00 },                 /* reply #563.1, PROP_TFT_STATUS */
        { 0 } } },
    { { 0x0c, 0x0b, 0x0c, 0x00, 0x00, 0x00, 0x00, 0x00, 0x01, 0x00, 0x02, 0x00 }, {/* spell #564 */
        { 0 } } },
    { { 0x0c, 0x0b, 0x0c, 0x00, 0x00, 0x00, 0x02, 0x37, 0x01, 0x00, 0x01, 0x00 }, {/* spell #565 */
        { 0 } } },
    { { 0x10, 0x0e, 0x06, 0x00, 0x40, 0x00, 0x01, 0x01, 0x03, 0x01, 0x01, 0xf3, 0x00, 0x01, 0x00, 0x00 }, {/* spell #566 */
        { 0x06, 0x05, 0x03, 0x19, 0xff, 0x00 },                 /* reply #566.1, PROP_TFT_STATUS */
        { 0 } } },
    { { 0x0c, 0x0b, 0x0c, 0x00, 0x00, 0x00, 0x00, 0x00, 0x01, 0x00, 0x02, 0x00 }, {/* spell #567 */
        { 0 } } },
    { { 0x0c, 0x0b, 0x0c, 0x00, 0x00, 0x00, 0x02, 0x37, 0x01, 0x00, 0x01, 0x00 }, {/* spell #568 */
        { 0 } } },
    { { 0x10, 0x0e, 0x06, 0x00, 0x40, 0x00, 0x01, 0x01, 0x03, 0x01, 0x01, 0xf0, 0x00, 0x01, 0x00, 0x00 }, {/* spell #569 */
        { 0x06, 0x05, 0x03, 0x19, 0xff, 0x00 },                 /* reply #569.1, PROP_TFT_STATUS */
        { 0 } } },
    { { 0x0c, 0x0b, 0x0c, 0x00, 0x00, 0x00, 0x00, 0x00, 0x01, 0x00, 0x02, 0x00 }, {/* spell #570 */
        { 0 } } },
    { { 0x0c, 0x0b, 0x0c, 0x00, 0x00, 0x00, 0x02, 0x37, 0x01, 0x00, 0x01, 0x00 }, {/* spell #571 */
        { 0 } } },
    { { 0x10, 0x0e, 0x06, 0x00, 0x40, 0x00, 0x01, 0x01, 0x03, 0x01, 0x01, 0xed, 0x00, 0x01, 0x00, 0x00 }, {/* spell #572 */
        { 0x06, 0x05, 0x03, 0x19, 0xff, 0x00 },                 /* reply #572.1, PROP_TFT_STATUS */
        { 0 } } },
    { { 0x0c, 0x0b, 0x0c, 0x00, 0x00, 0x00, 0x00, 0x00, 0x01, 0x00, 0x02, 0x00 }, {/* spell #573 */
        { 0 } } },
    { { 0x0c, 0x0b, 0x0c, 0x00, 0x00, 0x00, 0x02, 0x37, 0x01, 0x00, 0x01, 0x00 }, {/* spell #574 */
        { 0 } } },
    { { 0x10, 0x0e, 0x06, 0x00, 0x40, 0x00, 0x01, 0x01, 0x03, 0x01, 0x01, 0xeb, 0x00, 0x01, 0x00, 0x00 }, {/* spell #575 */
        { 0x06, 0x05, 0x03, 0x19, 0xff, 0x00 },                 /* reply #575.1, PROP_TFT_STATUS */
        { 0 } } },
    { { 0x0c, 0x0b, 0x0c, 0x00, 0x00, 0x00, 0x00, 0x00, 0x01, 0x00, 0x02, 0x00 }, {/* spell #576 */
        { 0 } } },
    { { 0x0c, 0x0b, 0x0c, 0x00, 0x00, 0x00, 0x02, 0x37, 0x01, 0x00, 0x01, 0x00 }, {/* spell #577 */
        { 0 } } },
    { { 0x10, 0x0e, 0x06, 0x00, 0x40, 0x00, 0x01, 0x01, 0x03, 0x01, 0x01, 0xe8, 0x00, 0x01, 0x00, 0x00 }, {/* spell #578 */
        { 0x06, 0x05, 0x03, 0x19, 0xff, 0x00 },                 /* reply #578.1, PROP_TFT_STATUS */
        { 0 } } },
    { { 0x0c, 0x0b, 0x0c, 0x00, 0x00, 0x00, 0x00, 0x00, 0x01, 0x00, 0x02, 0x00 }, {/* spell #579 */
        { 0 } } },
    { { 0x0c, 0x0b, 0x0c, 0x00, 0x00, 0x00, 0x02, 0x37, 0x01, 0x00, 0x01, 0x00 }, {/* spell #580 */
        { 0 } } },
    { { 0x10, 0x0e, 0x06, 0x00, 0x40, 0x00, 0x01, 0x01, 0x03, 0x01, 0x01, 0xeb, 0x00, 0x01, 0x00, 0x00 }, {/* spell #581 */
        { 0x06, 0x05, 0x03, 0x19, 0x01, 0x00 },                 /* reply #581.1, PROP_TFT_STATUS */
        { 0 } } },
    { { 0x0c, 0x0b, 0x0c, 0x00, 0x00, 0x00, 0x00, 0x00, 0x01, 0x00, 0x02, 0x00 }, {/* spell #582 */
        { 0 } } },
    { { 0x0c, 0x0b, 0x0c, 0x00, 0x00, 0x00, 0x02, 0x37, 0x01, 0x00, 0x01, 0x00 }, {/* spell #583 */
        { 0 } } },
    { { 0x10, 0x0e, 0x06, 0x00, 0x40, 0x00, 0x01, 0x01, 0x03, 0x01, 0x01, 0xed, 0x00, 0x01, 0x00, 0x00 }, {/* spell #584 */
        { 0x06, 0x05, 0x03, 0x19, 0x01, 0x00 },                 /* reply #584.1, PROP_TFT_STATUS */
        { 0 } } },
    { { 0x0c, 0x0b, 0x0c, 0x00, 0x00, 0x00, 0x00, 0x00, 0x01, 0x00, 0x02, 0x00 }, {/* spell #585 */
        { 0 } } },
    { { 0x0c, 0x0b, 0x0c, 0x00, 0x00, 0x00, 0x02, 0x37, 0x01, 0x00, 0x01, 0x00 }, {/* spell #586 */
        { 0 } } },
    { { 0x10, 0x0e, 0x06, 0x00, 0x40, 0x00, 0x01, 0x01, 0x03, 0x01, 0x01, 0xf0, 0x00, 0x01, 0x00, 0x00 }, {/* spell #587 */
        { 0x06, 0x05, 0x03, 0x19, 0x01, 0x00 },                 /* reply #587.1, PROP_TFT_STATUS */
        { 0 } } },
    { { 0x0c, 0x0b, 0x0c, 0x00, 0x00, 0x00, 0x00, 0x00, 0x01, 0x00, 0x02, 0x00 }, {/* spell #588 */
        { 0 } } },
    { { 0x0c, 0x0b, 0x0c, 0x00, 0x00, 0x00, 0x02, 0x37, 0x01, 0x00, 0x01, 0x00 }, {/* spell #589 */
        { 0 } } },
    { { 0x10, 0x0e, 0x06, 0x00, 0x40, 0x00, 0x01, 0x01, 0x03, 0x01, 0x01, 0xf3, 0x00, 0x01, 0x00, 0x00 }, {/* spell #590 */
        { 0x06, 0x05, 0x03, 0x19, 0x01, 0x00 },                 /* reply #590.1, PROP_TFT_STATUS */
        { 0 } } },
    { { 0x0c, 0x0b, 0x0c, 0x00, 0x00, 0x00, 0x00, 0x00, 0x01, 0x00, 0x02, 0x00 }, {/* spell #591 */
        { 0 } } },
    { { 0x0c, 0x0b, 0x0c, 0x00, 0x00, 0x00, 0x02, 0x37, 0x01, 0x00, 0x01, 0x00 }, {/* spell #592 */
        { 0 } } },
    { { 0x10, 0x0e, 0x06, 0x00, 0x40, 0x00, 0x01, 0x01, 0x03, 0x01, 0x01, 0xf5, 0x00, 0x01, 0x00, 0x00 }, {/* spell #593 */
        { 0x06, 0x05, 0x03, 0x19, 0x01, 0x00 },                 /* reply #593.1, PROP_TFT_STATUS */
        { 0 } } },
    { { 0x0c, 0x0b, 0x0c, 0x00, 0x00, 0x00, 0x00, 0x00, 0x01, 0x00, 0x02, 0x00 }, {/* spell #594 */
        { 0 } } },
    { { 0x0c, 0x0b, 0x0c, 0x00, 0x00, 0x00, 0x02, 0x37, 0x01, 0x00, 0x01, 0x00 }, {/* spell #595 */
        { 0 } } },
    { { 0x10, 0x0e, 0x06, 0x00, 0x40, 0x00, 0x01, 0x01, 0x03, 0x01, 0x01, 0xf8, 0x00, 0x01, 0x00, 0x00 }, {/* spell #596 */
        { 0x06, 0x05, 0x03, 0x19, 0x01, 0x00 },                 /* reply #596.1, PROP_TFT_STATUS */
        { 0 } } },
    { { 0x0c, 0x0b, 0x0c, 0x00, 0x00, 0x00, 0x00, 0x00, 0x01, 0x00, 0x02, 0x00 }, {/* spell #597 */
        { 0 } } },
    { { 0x0c, 0x0b, 0x0c, 0x00, 0x00, 0x00, 0x02, 0x37, 0x01, 0x00, 0x01, 0x00 }, {/* spell #598 */
        { 0 } } },
    { { 0x10, 0x0e, 0x06, 0x00, 0x40, 0x00, 0x01, 0x01, 0x03, 0x01, 0x01, 0xfb, 0x00, 0x01, 0x00, 0x00 }, {/* spell #599 */
        { 0x06, 0x05, 0x03, 0x19, 0x01, 0x00 },                 /* reply #599.1, PROP_TFT_STATUS */
        { 0x0a, 0x08, 0x07, 0x00, 0x02, 0x1f, 0x1c, 0xf2, 0x00, 0x00 },/* reply #599.2 */
        { 0x1e, 0x1c, 0x07, 0x03, 0x96, 0x16, 0x94, 0x2e, 0x89, 0x87, 0x21, 0x02, 0x06, 0x4d, 0x0c, 0x00, 0xbe, 0x07, 0x30, 0x56, 0x00, 0x00, 0x00, 0x00, 0x00, 0x00, 0x00, 0x64, 0x00, 0x00 },/* reply #599.3 */
        { 0 } } },
    { { 0x0c, 0x0b, 0x0c, 0x00, 0x00, 0x00, 0x00, 0x00, 0x01, 0x00, 0x02, 0x00 }, {/* spell #600 */
        { 0 } } },
    { { 0x0c, 0x0b, 0x0c, 0x00, 0x00, 0x00, 0x02, 0x37, 0x01, 0x00, 0x01, 0x00 }, {/* spell #601 */
        { 0 } } },
    { { 0x10, 0x0e, 0x06, 0x00, 0x40, 0x00, 0x01, 0x01, 0x03, 0x01, 0x01, 0xfd, 0x00, 0x01, 0x00, 0x00 }, {/* spell #602 */
        { 0x06, 0x05, 0x03, 0x19, 0x01, 0x00 },                 /* reply #602.1, PROP_TFT_STATUS */
        { 0 } } },
    { { 0x0c, 0x0b, 0x0c, 0x00, 0x00, 0x00, 0x00, 0x00, 0x01, 0x00, 0x02, 0x00 }, {/* spell #603 */
        { 0 } } },
    { { 0x0c, 0x0b, 0x0c, 0x00, 0x00, 0x00, 0x02, 0x37, 0x01, 0x00, 0x01, 0x00 }, {/* spell #604 */
        { 0 } } },
    { { 0x10, 0x0e, 0x06, 0x00, 0x40, 0x00, 0x01, 0x01, 0x03, 0x00, 0x00, 0x00, 0x00, 0x01, 0x00, 0x00 }, {/* spell #605 */
        { 0x06, 0x05, 0x03, 0x19, 0x01, 0x00 },                 /* reply #605.1, PROP_TFT_STATUS */
        { 0 } } },
    { { 0x0c, 0x0b, 0x0c, 0x00, 0x00, 0x00, 0x00, 0x00, 0x01, 0x00, 0x02, 0x00 }, {/* spell #606 */
        { 0 } } },
    { { 0x0c, 0x0b, 0x0c, 0x00, 0x00, 0x00, 0x02, 0x37, 0x01, 0x00, 0x01, 0x00 }, {/* spell #607 */
        { 0 } } },
    { { 0x40, 0x3e, 0x06, 0x00, 0x00, 0x20, 0x03, 0x00, 0x08, 0x00, 0x01, 0x04, 0x00, 0x00, 0x03, 0x81, 0x00, 0x00, 0x00, 0x01, 0x01, 0x02, 0x00, 0x00, 0x00, 0x00, 0x00, 0x00, 0x00, 0x00, 0x00, 0x00, 0x00, 0x01, 0x00, 0x03, 0x03, 0x00, 0x0b, 0xb5, 0x02, 0x00, 0x00, 0x00, 0x00, 0x03, 0x00, 0x00, 0x04, 0x01, 0x02, 0x03, 0x04, 0x05, 0x00, 0x02, 0x02, 0x02, 0x00, 0x03, 0x00, 0x00, 0x00, 0x00 }, {/* spell #608 */
        { 0x06, 0x05, 0x03, 0x1a, 0xff, 0x00 },                 /* reply #608.1 */
        { 0 } } },
    { { 0x0c, 0x0b, 0x0c, 0x00, 0x00, 0x00, 0x00, 0x00, 0x01, 0x00, 0x02, 0x00 }, {/* spell #609 */
        { 0 } } },
    { { 0x0c, 0x0b, 0x0c, 0x00, 0x00, 0x00, 0x02, 0x37, 0x01, 0x00, 0x01, 0x00 }, {/* spell #610 */
        { 0 } } },
    { { 0x40, 0x3e, 0x06, 0x00, 0x00, 0x20, 0x03, 0x00, 0x08, 0x00, 0x01, 0x04, 0x01, 0x00, 0x03, 0x81, 0x00, 0x00, 0x00, 0x01, 0x01, 0x02, 0x00, 0x00, 0x00, 0x00, 0x00, 0x00, 0x00, 0x00, 0x00, 0x00, 0x00, 0x01, 0x00, 0x03, 0x03, 0x00, 0x0b, 0xb5, 0x02, 0x00, 0x00, 0x00, 0x00, 0x03, 0x00, 0x00, 0x04, 0x01, 0x02, 0x03, 0x04, 0x05, 0x00, 0x02, 0x02, 0x02, 0x00, 0x03, 0x00, 0x00, 0x00, 0x00 }, {/* spell #611 */
        { 0x06, 0x05, 0x03, 0x19, 0x01, 0x00 },                 /* reply #611.1, PROP_TFT_STATUS */
        { 0 } } },
    { { 0x0c, 0x0b, 0x0c, 0x00, 0x00, 0x00, 0x00, 0x00, 0x01, 0x00, 0x02, 0x00 }, {/* spell #612 */
        { 0 } } },
    { { 0x0c, 0x0b, 0x0c, 0x00, 0x00, 0x00, 0x02, 0x37, 0x01, 0x00, 0x01, 0x00 }, {/* spell #613 */
        { 0 } } },
    { { 0x40, 0x3e, 0x06, 0x00, 0x00, 0x20, 0x03, 0x00, 0x08, 0x00, 0x01, 0x04, 0x08, 0x00, 0x03, 0x81, 0x00, 0x00, 0x00, 0x01, 0x01, 0x02, 0x00, 0x00, 0x00, 0x00, 0x00, 0x00, 0x00, 0x00, 0x00, 0x00, 0x00, 0x01, 0x00, 0x03, 0x03, 0x00, 0x0b, 0xb5, 0x02, 0x00, 0x00, 0x00, 0x00, 0x03, 0x00, 0x00, 0x04, 0x01, 0x02, 0x03, 0x04, 0x05, 0x00, 0x02, 0x02, 0x02, 0x00, 0x03, 0x00, 0x00, 0x00, 0x00 }, {/* spell #614 */
        { 0x06, 0x05, 0x03, 0x19, 0x01, 0x00 },                 /* reply #614.1, PROP_TFT_STATUS */
        { 0 } } },
    { { 0x0c, 0x0b, 0x0c, 0x00, 0x00, 0x00, 0x00, 0x00, 0x01, 0x00, 0x02, 0x00 }, {/* spell #615 */
        { 0 } } },
    { { 0x0c, 0x0b, 0x0c, 0x00, 0x00, 0x00, 0x02, 0x37, 0x01, 0x00, 0x01, 0x00 }, {/* spell #616 */
        { 0 } } },
    { { 0x40, 0x3e, 0x06, 0x00, 0x00, 0x20, 0x03, 0x00, 0x08, 0x00, 0x01, 0x04, 0x02, 0x00, 0x03, 0x81, 0x00, 0x00, 0x00, 0x01, 0x01, 0x02, 0x00, 0x00, 0x00, 0x00, 0x00, 0x00, 0x00, 0x00, 0x00, 0x00, 0x00, 0x01, 0x00, 0x03, 0x03, 0x00, 0x0b, 0xb5, 0x02, 0x00, 0x00, 0x00, 0x00, 0x03, 0x00, 0x00, 0x04, 0x01, 0x02, 0x03, 0x04, 0x05, 0x00, 0x02, 0x02, 0x02, 0x00, 0x03, 0x00, 0x00, 0x00, 0x00 }, {/* spell #617 */
        { 0x06, 0x05, 0x03, 0x19, 0x01, 0x00 },                 /* reply #617.1, PROP_TFT_STATUS */
        { 0 } } },
    { { 0x0c, 0x0b, 0x0c, 0x00, 0x00, 0x00, 0x00, 0x00, 0x01, 0x00, 0x02, 0x00 }, {/* spell #618 */
        { 0 } } },
    { { 0x0c, 0x0b, 0x0c, 0x00, 0x00, 0x00, 0x02, 0x37, 0x01, 0x00, 0x01, 0x00 }, {/* spell #619 */
        { 0 } } },
    { { 0x40, 0x3e, 0x06, 0x00, 0x00, 0x20, 0x03, 0x00, 0x08, 0x00, 0x01, 0x04, 0x03, 0x00, 0x03, 0x81, 0x00, 0x00, 0x00, 0x01, 0x01, 0x02, 0x00, 0x00, 0x00, 0x00, 0x00, 0x00, 0x00, 0x00, 0x00, 0x00, 0x00, 0x01, 0x00, 0x03, 0x03, 0x00, 0x0b, 0xb5, 0x02, 0x00, 0x00, 0x00, 0x00, 0x03, 0x00, 0x00, 0x04, 0x01, 0x02, 0x03, 0x04, 0x05, 0x00, 0x02, 0x02, 0x02, 0x00, 0x03, 0x00, 0x00, 0x00, 0x00 }, {/* spell #620 */
        { 0x06, 0x05, 0x03, 0x19, 0x01, 0x00 },                 /* reply #620.1, PROP_TFT_STATUS */
        { 0 } } },
    { { 0x0c, 0x0b, 0x0c, 0x00, 0x00, 0x00, 0x00, 0x00, 0x01, 0x00, 0x02, 0x00 }, {/* spell #621 */
        { 0 } } },
    { { 0x0c, 0x0b, 0x0c, 0x00, 0x00, 0x00, 0x02, 0x37, 0x01, 0x00, 0x01, 0x00 }, {/* spell #622 */
        { 0 } } },
    { { 0x40, 0x3e, 0x06, 0x00, 0x00, 0x20, 0x03, 0x00, 0x08, 0x00, 0x01, 0x04, 0x04, 0x00, 0x03, 0x81, 0x00, 0x00, 0x00, 0x01, 0x01, 0x02, 0x00, 0x00, 0x00, 0x00, 0x00, 0x00, 0x00, 0x00, 0x00, 0x00, 0x00, 0x01, 0x00, 0x03, 0x03, 0x00, 0x0b, 0xb5, 0x02, 0x00, 0x00, 0x00, 0x00, 0x03, 0x00, 0x00, 0x04, 0x01, 0x02, 0x03, 0x04, 0x05, 0x00, 0x02, 0x02, 0x02, 0x00, 0x03, 0x00, 0x00, 0x00, 0x00 }, {/* spell #623 */
        { 0x06, 0x05, 0x03, 0x19, 0x01, 0x00 },                 /* reply #623.1, PROP_TFT_STATUS */
        { 0 } } },
    { { 0x0c, 0x0b, 0x0c, 0x00, 0x00, 0x00, 0x00, 0x00, 0x01, 0x00, 0x02, 0x00 }, {/* spell #624 */
        { 0 } } },
    { { 0x0c, 0x0b, 0x0c, 0x00, 0x00, 0x00, 0x02, 0x37, 0x01, 0x00, 0x01, 0x00 }, {/* spell #625 */
        { 0 } } },
    { { 0x40, 0x3e, 0x06, 0x00, 0x00, 0x20, 0x03, 0x00, 0x08, 0x00, 0x01, 0x04, 0x05, 0x00, 0x03, 0x81, 0x00, 0x00, 0x00, 0x01, 0x01, 0x02, 0x00, 0x00, 0x00, 0x00, 0x00, 0x00, 0x00, 0x00, 0x00, 0x00, 0x00, 0x01, 0x00, 0x03, 0x03, 0x00, 0x0b, 0xb5, 0x02, 0x00, 0x00, 0x00, 0x00, 0x03, 0x00, 0x00, 0x04, 0x01, 0x02, 0x03, 0x04, 0x05, 0x00, 0x02, 0x02, 0x02, 0x00, 0x03, 0x00, 0x00, 0x00, 0x00 }, {/* spell #626 */
        { 0x06, 0x05, 0x03, 0x19, 0x01, 0x00 },                 /* reply #626.1, PROP_TFT_STATUS */
        { 0 } } },
    { { 0x0c, 0x0b, 0x0c, 0x00, 0x00, 0x00, 0x00, 0x00, 0x01, 0x00, 0x02, 0x00 }, {/* spell #627 */
        { 0 } } },
    { { 0x0c, 0x0b, 0x0c, 0x00, 0x00, 0x00, 0x02, 0x37, 0x01, 0x00, 0x01, 0x00 }, {/* spell #628 */
        { 0 } } },
    { { 0x40, 0x3e, 0x06, 0x00, 0x00, 0x20, 0x03, 0x00, 0x08, 0x00, 0x01, 0x04, 0x06, 0x00, 0x03, 0x81, 0x00, 0x00, 0x00, 0x01, 0x01, 0x02, 0x00, 0x00, 0x00, 0x00, 0x00, 0x00, 0x00, 0x00, 0x00, 0x00, 0x00, 0x01, 0x00, 0x03, 0x03, 0x00, 0x0b, 0xb5, 0x02, 0x00, 0x00, 0x00, 0x00, 0x03, 0x00, 0x00, 0x04, 0x01, 0x02, 0x03, 0x04, 0x05, 0x00, 0x02, 0x02, 0x02, 0x00, 0x03, 0x00, 0x00, 0x00, 0x00 }, {/* spell #629 */
        { 0x06, 0x05, 0x03, 0x19, 0x01, 0x00 },                 /* reply #629.1, PROP_TFT_STATUS */
        { 0 } } },
    { { 0x0c, 0x0b, 0x0c, 0x00, 0x00, 0x00, 0x00, 0x00, 0x01, 0x00, 0x02, 0x00 }, {/* spell #630 */
        { 0 } } },
    { { 0x0c, 0x0b, 0x0c, 0x00, 0x00, 0x00, 0x02, 0x37, 0x01, 0x00, 0x01, 0x00 }, {/* spell #631 */
        { 0 } } },
    { { 0x40, 0x3e, 0x06, 0x00, 0x00, 0x20, 0x03, 0x00, 0x08, 0x00, 0x01, 0x04, 0x09, 0x00, 0x03, 0x81, 0x00, 0x00, 0x00, 0x01, 0x01, 0x02, 0x00, 0x00, 0x00, 0x00, 0x00, 0x00, 0x00, 0x00, 0x00, 0x00, 0x00, 0x01, 0x00, 0x03, 0x03, 0x00, 0x0b, 0xb5, 0x02, 0x00, 0x00, 0x00, 0x00, 0x03, 0x00, 0x00, 0x04, 0x01, 0x02, 0x03, 0x04, 0x05, 0x00, 0x02, 0x02, 0x02, 0x00, 0x03, 0x00, 0x00, 0x00, 0x00 }, {/* spell #632 */
        { 0x06, 0x05, 0x03, 0x19, 0x01, 0x00 },                 /* reply #632.1, PROP_TFT_STATUS */
        { 0 } } },
    { { 0x0c, 0x0b, 0x0c, 0x00, 0x00, 0x00, 0x00, 0x00, 0x01, 0x00, 0x02, 0x00 }, {/* spell #633 */
        { 0 } } },
    { { 0x0c, 0x0b, 0x0c, 0x00, 0x00, 0x00, 0x02, 0x37, 0x01, 0x00, 0x01, 0x00 }, {/* spell #634 */
        { 0 } } },
    { { 0x40, 0x3e, 0x06, 0x00, 0x00, 0x20, 0x03, 0x00, 0x08, 0x00, 0x01, 0x04, 0x00, 0x00, 0x03, 0x81, 0x00, 0x00, 0x00, 0x01, 0x01, 0x02, 0x00, 0x00, 0x00, 0x00, 0x00, 0x00, 0x00, 0x00, 0x00, 0x00, 0x00, 0x01, 0x00, 0x03, 0x03, 0x00, 0x0b, 0xb5, 0x02, 0x00, 0x00, 0x00, 0x00, 0x03, 0x00, 0x00, 0x04, 0x01, 0x02, 0x03, 0x04, 0x05, 0x00, 0x02, 0x02, 0x02, 0x00, 0x03, 0x00, 0x00, 0x00, 0x00 }, {/* spell #635 */
        { 0x06, 0x05, 0x03, 0x19, 0x01, 0x00 },                 /* reply #635.1, PROP_TFT_STATUS */
        { 0 } } },
    { { 0x0c, 0x0b, 0x0c, 0x00, 0x00, 0x00, 0x00, 0x00, 0x01, 0x00, 0x02, 0x00 }, {/* spell #636 */
        { 0 } } },
    { { 0x0c, 0x0b, 0x0c, 0x00, 0x00, 0x00, 0x02, 0x37, 0x01, 0x00, 0x01, 0x00 }, {/* spell #637 */
        { 0 } } },
    { { 0x40, 0x3e, 0x06, 0x00, 0x00, 0x20, 0x03, 0x00, 0x08, 0x00, 0x01, 0x04, 0x00, 0x00, 0x03, 0x81, 0x00, 0x00, 0x00, 0x01, 0x01, 0x02, 0x00, 0x00, 0x00, 0x00, 0x00, 0x00, 0x00, 0x00, 0x00, 0x00, 0x00, 0x01, 0x00, 0x03, 0x03, 0x00, 0x0b, 0xb5, 0x02, 0x00, 0x00, 0x00, 0x00, 0x03, 0x00, 0x00, 0x03, 0x01, 0x02, 0x03, 0x04, 0x05, 0x00, 0x02, 0x02, 0x02, 0x00, 0x03, 0x00, 0x00, 0x00, 0x00 }, {/* spell #638 */
        { 0x06, 0x05, 0x03, 0x1a, 0xff, 0x00 },                 /* reply #638.1 */
        { 0 } } },
    { { 0x0c, 0x0b, 0x0c, 0x00, 0x00, 0x00, 0x00, 0x00, 0x01, 0x00, 0x02, 0x00 }, {/* spell #639 */
        { 0 } } },
    { { 0x0c, 0x0b, 0x0c, 0x00, 0x00, 0x00, 0x02, 0x37, 0x01, 0x00, 0x01, 0x00 }, {/* spell #640 */
        { 0 } } },
    { { 0x40, 0x3e, 0x06, 0x00, 0x00, 0x20, 0x03, 0x00, 0x08, 0x01, 0x01, 0x04, 0x00, 0x00, 0x03, 0x81, 0x00, 0x00, 0x00, 0x01, 0x01, 0x02, 0x00, 0x00, 0x00, 0x00, 0x00, 0x00, 0x00, 0x00, 0x00, 0x00, 0x00, 0x01, 0x00, 0x03, 0x03, 0x00, 0x0b, 0xb5, 0x02, 0x00, 0x00, 0x00, 0x00, 0x03, 0x00, 0x00, 0x03, 0x01, 0x02, 0x03, 0x04, 0x05, 0x00, 0x02, 0x02, 0x02, 0x00, 0x03, 0x00, 0x00, 0x00, 0x00 }, {/* spell #641 */
        { 0x06, 0x05, 0x03, 0x19, 0x01, 0x00 },                 /* reply #641.1, PROP_TFT_STATUS */
        { 0 } } },
    { { 0x0c, 0x0b, 0x0c, 0x00, 0x00, 0x00, 0x00, 0x00, 0x01, 0x00, 0x02, 0x00 }, {/* spell #642 */
        { 0 } } },
    { { 0x0c, 0x0b, 0x0c, 0x00, 0x00, 0x00, 0x02, 0x37, 0x01, 0x00, 0x01, 0x00 }, {/* spell #643 */
        { 0 } } },
    { { 0x40, 0x3e, 0x06, 0x00, 0x00, 0x20, 0x03, 0x00, 0x08, 0x00, 0x01, 0x04, 0x00, 0x00, 0x03, 0x81, 0x00, 0x00, 0x00, 0x01, 0x01, 0x02, 0x00, 0x00, 0x00, 0x00, 0x00, 0x00, 0x00, 0x00, 0x00, 0x00, 0x00, 0x01, 0x00, 0x03, 0x03, 0x00, 0x0b, 0xb5, 0x02, 0x00, 0x00, 0x00, 0x00, 0x03, 0x00, 0x00, 0x03, 0x01, 0x02, 0x03, 0x04, 0x05, 0x00, 0x02, 0x02, 0x02, 0x00, 0x03, 0x00, 0x00, 0x00, 0x00 }, {/* spell #644 */
        { 0x06, 0x05, 0x03, 0x19, 0xff, 0x00 },                 /* reply #644.1, PROP_TFT_STATUS */
        { 0 } } },
    { { 0x0c, 0x0b, 0x0c, 0x00, 0x00, 0x00, 0x00, 0x00, 0x01, 0x00, 0x02, 0x00 }, {/* spell #645 */
        { 0 } } },
    { { 0x0c, 0x0b, 0x0c, 0x00, 0x00, 0x00, 0x02, 0x37, 0x01, 0x00, 0x01, 0x00 }, {/* spell #646 */
        { 0 } } },
    { { 0x40, 0x3e, 0x06, 0x00, 0x00, 0x20, 0x03, 0x00, 0x08, 0x00, 0x01, 0x04, 0x00, 0x00, 0x03, 0x81, 0x00, 0x00, 0x00, 0x01, 0x01, 0x02, 0x00, 0x00, 0x00, 0x00, 0x00, 0x00, 0x00, 0x00, 0x00, 0x00, 0x00, 0x01, 0x00, 0x03, 0x03, 0x00, 0x0b, 0xb5, 0x02, 0x00, 0x00, 0x00, 0x00, 0x03, 0x00, 0x00, 0x02, 0x01, 0x02, 0x03, 0x04, 0x05, 0x00, 0x02, 0x02, 0x02, 0x00, 0x03, 0x00, 0x00, 0x00, 0x00 }, {/* spell #647 */
        { 0x06, 0x05, 0x03, 0x1a, 0xff, 0x00 },                 /* reply #647.1 */
        { 0 } } },
    { { 0x0c, 0x0b, 0x0c, 0x00, 0x00, 0x00, 0x00, 0x00, 0x01, 0x00, 0x02, 0x00 }, {/* spell #648 */
        { 0 } } },
    { { 0x0c, 0x0b, 0x0c, 0x00, 0x00, 0x00, 0x02, 0x37, 0x01, 0x00, 0x01, 0x00 }, {/* spell #649 */
        { 0 } } },
    { { 0x40, 0x3e, 0x06, 0x00, 0x00, 0x20, 0x03, 0x00, 0x08, 0x00, 0x01, 0x00, 0x00, 0x00, 0x03, 0x81, 0x00, 0x00, 0x00, 0x01, 0x01, 0x02, 0x00, 0x00, 0x00, 0x00, 0x00, 0x00, 0x00, 0x00, 0x00, 0x00, 0x00, 0x01, 0x00, 0x03, 0x03, 0x00, 0x0b, 0xb5, 0x02, 0x00, 0x00, 0x00, 0x00, 0x03, 0x00, 0x00, 0x02, 0x01, 0x02, 0x03, 0x04, 0x05, 0x00, 0x02, 0x02, 0x02, 0x00, 0x03, 0x00, 0x00, 0x00, 0x00 }, {/* spell #650 */
        { 0x06, 0x05, 0x03, 0x19, 0xff, 0x00 },                 /* reply #650.1, PROP_TFT_STATUS */
        { 0 } } },
    { { 0x0c, 0x0b, 0x0c, 0x00, 0x00, 0x00, 0x00, 0x00, 0x01, 0x00, 0x02, 0x00 }, {/* spell #651 */
        { 0 } } },
    { { 0x0c, 0x0b, 0x0c, 0x00, 0x00, 0x00, 0x02, 0x37, 0x01, 0x00, 0x01, 0x00 }, {/* spell #652 */
        { 0 } } },
    { { 0x40, 0x3e, 0x06, 0x00, 0x00, 0x20, 0x03, 0x00, 0x08, 0x00, 0x01, 0x04, 0x00, 0x00, 0x03, 0x81, 0x00, 0x00, 0x00, 0x01, 0x01, 0x02, 0x00, 0x00, 0x00, 0x00, 0x00, 0x00, 0x00, 0x00, 0x00, 0x00, 0x00, 0x01, 0x00, 0x03, 0x03, 0x00, 0x0b, 0xb5, 0x02, 0x00, 0x00, 0x00, 0x00, 0x03, 0x00, 0x00, 0x02, 0x01, 0x02, 0x03, 0x04, 0x05, 0x00, 0x02, 0x02, 0x02, 0x00, 0x03, 0x00, 0x00, 0x00, 0x00 }, {/* spell #653 */
        { 0x06, 0x05, 0x03, 0x19, 0x01, 0x00 },                 /* reply #653.1, PROP_TFT_STATUS */
        { 0 } } },
    { { 0x0c, 0x0b, 0x0c, 0x00, 0x00, 0x00, 0x00, 0x00, 0x01, 0x00, 0x02, 0x00 }, {/* spell #654 */
        { 0 } } },
    { { 0x0c, 0x0b, 0x0c, 0x00, 0x00, 0x00, 0x02, 0x37, 0x01, 0x00, 0x01, 0x00 }, {/* spell #655 */
        { 0 } } },
    { { 0x40, 0x3e, 0x06, 0x00, 0x00, 0x20, 0x03, 0x00, 0x08, 0x00, 0x01, 0x05, 0x00, 0x00, 0x03, 0x81, 0x00, 0x00, 0x00, 0x01, 0x01, 0x02, 0x00, 0x00, 0x00, 0x00, 0x00, 0x00, 0x00, 0x00, 0x00, 0x00, 0x00, 0x01, 0x00, 0x03, 0x03, 0x00, 0x0b, 0xb5, 0x02, 0x00, 0x00, 0x00, 0x00, 0x03, 0x00, 0x00, 0x02, 0x01, 0x02, 0x03, 0x04, 0x05, 0x00, 0x02, 0x02, 0x02, 0x00, 0x03, 0x00, 0x00, 0x00, 0x00 }, {/* spell #656 */
        { 0x06, 0x05, 0x03, 0x19, 0x01, 0x00 },                 /* reply #656.1, PROP_TFT_STATUS */
        { 0 } } },
    { { 0x0c, 0x0b, 0x0c, 0x00, 0x00, 0x00, 0x00, 0x00, 0x01, 0x00, 0x02, 0x00 }, {/* spell #657 */
        { 0 } } },
    { { 0x0c, 0x0b, 0x0c, 0x00, 0x00, 0x00, 0x02, 0x37, 0x01, 0x00, 0x01, 0x00 }, {/* spell #658 */
        { 0 } } },
    { { 0x40, 0x3e, 0x06, 0x00, 0x00, 0x20, 0x03, 0x00, 0x08, 0x00, 0x01, 0x10, 0x00, 0x00, 0x03, 0x81, 0x00, 0x00, 0x00, 0x01, 0x01, 0x02, 0x00, 0x00, 0x00, 0x00, 0x00, 0x00, 0x00, 0x00, 0x00, 0x00, 0x00, 0x01, 0x00, 0x03, 0x03, 0x00, 0x0b, 0xb5, 0x02, 0x00, 0x00, 0x00, 0x00, 0x03, 0x00, 0x00, 0x02, 0x01, 0x02, 0x03, 0x04, 0x05, 0x00, 0x02, 0x02, 0x02, 0x00, 0x03, 0x00, 0x00, 0x00, 0x00 }, {/* spell #659 */
        { 0x06, 0x05, 0x03, 0x19, 0x01, 0x00 },                 /* reply #659.1, PROP_TFT_STATUS */
        { 0 } } },
    { { 0x0c, 0x0b, 0x0c, 0x00, 0x00, 0x00, 0x00, 0x00, 0x01, 0x00, 0x02, 0x00 }, {/* spell #660 */
        { 0 } } },
    { { 0x0c, 0x0b, 0x0c, 0x00, 0x00, 0x00, 0x02, 0x37, 0x01, 0x00, 0x01, 0x00 }, {/* spell #661 */
        { 0 } } },
    { { 0x40, 0x3e, 0x06, 0x00, 0x00, 0x20, 0x03, 0x00, 0x08, 0x00, 0x01, 0x11, 0x00, 0x00, 0x03, 0x81, 0x00, 0x00, 0x00, 0x01, 0x01, 0x02, 0x00, 0x00, 0x00, 0x00, 0x00, 0x00, 0x00, 0x00, 0x00, 0x00, 0x00, 0x01, 0x00, 0x03, 0x03, 0x00, 0x0b, 0xb5, 0x02, 0x00, 0x00, 0x00, 0x00, 0x03, 0x00, 0x00, 0x02, 0x01, 0x02, 0x03, 0x04, 0x05, 0x00, 0x02, 0x02, 0x02, 0x00, 0x03, 0x00, 0x00, 0x00, 0x00 }, {/* spell #662 */
        { 0x06, 0x05, 0x03, 0x19, 0x01, 0x00 },                 /* reply #662.1, PROP_TFT_STATUS */
        { 0 } } },
    { { 0x0c, 0x0b, 0x0c, 0x00, 0x00, 0x00, 0x00, 0x00, 0x01, 0x00, 0x02, 0x00 }, {/* spell #663 */
        { 0 } } },
    { { 0x0c, 0x0b, 0x0c, 0x00, 0x00, 0x00, 0x02, 0x37, 0x01, 0x00, 0x01, 0x00 }, {/* spell #664 */
        { 0 } } },
    { { 0x40, 0x3e, 0x06, 0x00, 0x00, 0x20, 0x03, 0x00, 0x08, 0x00, 0x01, 0x10, 0x00, 0x00, 0x03, 0x81, 0x00, 0x00, 0x00, 0x01, 0x01, 0x02, 0x00, 0x00, 0x00, 0x00, 0x00, 0x00, 0x00, 0x00, 0x00, 0x00, 0x00, 0x01, 0x00, 0x03, 0x03, 0x00, 0x0b, 0xb5, 0x02, 0x00, 0x00, 0x00, 0x00, 0x03, 0x00, 0x00, 0x02, 0x01, 0x02, 0x03, 0x04, 0x05, 0x00, 0x02, 0x02, 0x02, 0x00, 0x03, 0x00, 0x00, 0x00, 0x00 }, {/* spell #665 */
        { 0x06, 0x05, 0x03, 0x19, 0xff, 0x00 },                 /* reply #665.1, PROP_TFT_STATUS */
        { 0 } } },
    { { 0x0c, 0x0b, 0x0c, 0x00, 0x00, 0x00, 0x00, 0x00, 0x01, 0x00, 0x02, 0x00 }, {/* spell #666 */
        { 0 } } },
    { { 0x0c, 0x0b, 0x0c, 0x00, 0x00, 0x00, 0x02, 0x37, 0x01, 0x00, 0x01, 0x00 }, {/* spell #667 */
        { 0 } } },
    { { 0x40, 0x3e, 0x06, 0x00, 0x00, 0x20, 0x03, 0x00, 0x08, 0x00, 0x01, 0x05, 0x00, 0x00, 0x03, 0x81, 0x00, 0x00, 0x00, 0x01, 0x01, 0x02, 0x00, 0x00, 0x00, 0x00, 0x00, 0x00, 0x00, 0x00, 0x00, 0x00, 0x00, 0x01, 0x00, 0x03, 0x03, 0x00, 0x0b, 0xb5, 0x02, 0x00, 0x00, 0x00, 0x00, 0x03, 0x00, 0x00, 0x02, 0x01, 0x02, 0x03, 0x04, 0x05, 0x00, 0x02, 0x02, 0x02, 0x00, 0x03, 0x00, 0x00, 0x00, 0x00 }, {/* spell #668 */
        { 0x06, 0x05, 0x03, 0x19, 0xff, 0x00 },                 /* reply #668.1, PROP_TFT_STATUS */
        { 0 } } },
    { { 0x0c, 0x0b, 0x0c, 0x00, 0x00, 0x00, 0x00, 0x00, 0x01, 0x00, 0x02, 0x00 }, {/* spell #669 */
        { 0 } } },
    { { 0x0c, 0x0b, 0x0c, 0x00, 0x00, 0x00, 0x02, 0x37, 0x01, 0x00, 0x01, 0x00 }, {/* spell #670 */
        { 0 } } },
    { { 0x40, 0x3e, 0x06, 0x00, 0x00, 0x20, 0x03, 0x00, 0x08, 0x00, 0x01, 0x04, 0x00, 0x00, 0x03, 0x81, 0x00, 0x00, 0x00, 0x01, 0x01, 0x02, 0x00, 0x00, 0x00, 0x00, 0x00, 0x00, 0x00, 0x00, 0x00, 0x00, 0x00, 0x01, 0x00, 0x03, 0x03, 0x00, 0x0b, 0xb5, 0x02, 0x00, 0x00, 0x00, 0x00, 0x03, 0x00, 0x00, 0x02, 0x01, 0x02, 0x03, 0x04, 0x05, 0x00, 0x02, 0x02, 0x02, 0x00, 0x03, 0x00, 0x00, 0x00, 0x00 }, {/* spell #671 */
        { 0x06, 0x05, 0x03, 0x19, 0xff, 0x00 },                 /* reply #671.1, PROP_TFT_STATUS */
        { 0 } } },
    { { 0x0c, 0x0b, 0x0c, 0x00, 0x00, 0x00, 0x00, 0x00, 0x01, 0x00, 0x02, 0x00 }, {/* spell #672 */
        { 0 } } },
    { { 0x0c, 0x0b, 0x0c, 0x00, 0x00, 0x00, 0x02, 0x37, 0x01, 0x00, 0x01, 0x00 }, {/* spell #673 */
        { 0 } } },
    { { 0x40, 0x3e, 0x06, 0x00, 0x00, 0x20, 0x03, 0x00, 0x08, 0x00, 0x01, 0x00, 0x00, 0x00, 0x03, 0x81, 0x00, 0x00, 0x00, 0x01, 0x01, 0x02, 0x00, 0x00, 0x00, 0x00, 0x00, 0x00, 0x00, 0x00, 0x00, 0x00, 0x00, 0x01, 0x00, 0x03, 0x03, 0x00, 0x0b, 0xb5, 0x02, 0x00, 0x00, 0x00, 0x00, 0x03, 0x00, 0x00, 0x02, 0x01, 0x02, 0x03, 0x04, 0x05, 0x00, 0x02, 0x02, 0x02, 0x00, 0x03, 0x00, 0x00, 0x00, 0x00 }, {/* spell #674 */
        { 0x06, 0x05, 0x03, 0x19, 0xff, 0x00 },                 /* reply #674.1, PROP_TFT_STATUS */
        { 0 } } },
    { { 0x0c, 0x0b, 0x0c, 0x00, 0x00, 0x00, 0x00, 0x00, 0x01, 0x00, 0x02, 0x00 }, {/* spell #675 */
        { 0 } } },
    { { 0x1c, 0x1b, 0x06, 0x00, 0x49, 0x02, 0x02, 0x04, 0x01, 0x01, 0x00, 0x28, 0x6d, 0x28, 0x01, 0x02, 0x1b, 0x00, 0x00, 0x00, 0x00, 0x01, 0x01, 0x00, 0x80, 0x00, 0x00, 0x00 }, {/* spell #676 */
        { 0 } } },
    { { 0x40, 0x3e, 0x06, 0x00, 0x00, 0x20, 0x03, 0x00, 0x0b, 0x00, 0x01, 0x00, 0x00, 0x00, 0x03, 0x81, 0x00, 0x00, 0x00, 0x01, 0x01, 0x02, 0x00, 0x00, 0x00, 0x00, 0x00, 0x00, 0x00, 0x00, 0x00, 0x00, 0x00, 0x01, 0x00, 0x03, 0x03, 0x00, 0x0b, 0xb5, 0x02, 0x00, 0x00, 0x00, 0x00, 0x03, 0x00, 0x00, 0x02, 0x01, 0x02, 0x03, 0x04, 0x05, 0x00, 0x02, 0x02, 0x02, 0x00, 0x03, 0x00, 0x00, 0x00, 0x00 }, {/* spell #677 */
        { 0x06, 0x05, 0x03, 0x05, 0x01, 0x00 },                 /* reply #677.1, PROP_POWER_LEVEL */
        { 0 } } },
    { { 0x06, 0x05, 0x07, 0x06, 0x12, 0x00 }, {                 /* spell #678 */
        { 0x06, 0x05, 0x03, 0x06, 0x01, 0x00 },                 /* reply #678.1, PROP_AVAIL_SHOT */
        { 0x06, 0x05, 0x07, 0x06, 0x00, 0x00 },                 /* reply #678.2 */
        { 0 } } },
    { { 0x06, 0x05, 0x07, 0x01, 0x01, 0x00 }, {                 /* spell #679 */
        { 0x0a, 0x08, 0x07, 0x00, 0x02, 0x1f, 0x1c, 0xff, 0x00, 0x00 },/* reply #679.1 */
        { 0 } } },
    { { 0x06, 0x05, 0x09, 0x00, 0x01, 0x00 }, .description = "PROP_LV_LENS", .out_spells = { /* spell #680 */
        { 0 } } },
    { { 0x0a, 0x09, 0x0a, 0x02, 0x00, 0x00, 0xc0, 0x01, 0x06, 0x00 }, {/* spell #681 */
        { 0 } } },
    { { 0x1a, 0x19, 0x06, 0x00, 0x11, 0x40, 0x04, 0x04, 0x04, 0x02, 0x0a, 0x75, 0x00, 0x00, 0x0a, 0x75, 0x00, 0x1d, 0x3b, 0x00, 0x00, 0x01, 0x2c, 0x00, 0x00, 0x00 }, {/* spell #682 */
        { 0x1e, 0x1c, 0x07, 0x03, 0x96, 0x16, 0x94, 0x2e, 0x89, 0x87, 0x21, 0x02, 0x06, 0x47, 0x0c, 0x00, 0xbe, 0x07, 0x30, 0x56, 0x00, 0x00, 0x00, 0x00, 0x00, 0x00, 0x00, 0x64, 0x00, 0x00 },/* reply #682.1 */
        { 0x06, 0x05, 0x03, 0x06, 0x00, 0x00 },                 /* reply #682.2, PROP_AVAIL_SHOT */
     // { 0x06, 0x05, 0x03, 0x05, 0x00, 0x00 },                 /* reply #682.3, PROP_POWER_LEVEL, delayed by 255 ms, likely external input */
     // { 0x06, 0x05, 0x03, 0x19, 0xff, 0x00 },                 /* reply #682.4, PROP_TFT_STATUS, delayed by 639 ms, likely external input */
        { 0 } } },
    { { 0x06, 0x05, 0x07, 0x06, 0x0c, 0x00 }, {                 /* spell #683 */
        { 0x06, 0x05, 0x07, 0x06, 0x00, 0x00 },                 /* reply #683.1 */
        { 0x0a, 0x08, 0x07, 0x00, 0x02, 0x22, 0x1d, 0x19, 0x00, 0x00 },/* reply #683.2 */
        { 0 } } },
    { { 0x06, 0x05, 0x09, 0x00, 0x02, 0x00 }, .description = "PROP_LV_LENS", .out_spells = { /* spell #684 */
        { 0 } } },
    { { 0x0a, 0x08, 0x02, 0x12, 0x00, 0x00, 0xac, 0xe3, 0x00, 0x00 }, .description = "Lens group", .out_spells = { /* spell #685 */
        { 0x1e, 0x1c, 0x07, 0x03, 0x97, 0x14, 0x94, 0x2e, 0x89, 0x88, 0x21, 0x02, 0x06, 0x42, 0x0c, 0x00, 0xbe, 0x07, 0x30, 0x56, 0x00, 0x00, 0x00, 0x00, 0x00, 0x00, 0x00, 0x64, 0x00, 0x00 },/* reply #685.1 */
        { 0x06, 0x05, 0x02, 0x05, 0x01, 0x00 },                 /* reply #685.2, PROP_CFN_1 */
        { 0x1c, 0x1b, 0x02, 0x04, 0x55, 0x03, 0x00, 0x00, 0x00, 0x57, 0x00, 0x4c, 0x50, 0x2d, 0x45, 0x36, 0x00, 0x00, 0x00, 0x00, 0x00, 0x01, 0x00, 0x74, 0xb5, 0xf5, 0x0d, 0x00 },/* reply #685.3, PROP_CFN */
        { 0 } } },
    { { 0x06, 0x05, 0x09, 0x00, 0x00, 0x00 }, .description = "PROP_LV_LENS", .out_spells = { /* spell #686 */
        { 0 } } },
    { { 0x06, 0x05, 0x07, 0x01, 0x00, 0x00 }, {                 /* spell #687 */
        { 0 } } },
    { { 0x0a, 0x08, 0x06, 0x00, 0x01, 0x00, 0x03, 0x04, 0x00, 0x00 }, {/* spell #688 */
        { 0 } } },
    { { 0x0a, 0x09, 0x0a, 0x02, 0xff, 0x00, 0x80, 0x01, 0x06, 0x00 }, {/* spell #689 */
        { 0x06, 0x04, 0x02, 0x06, 0x00, 0x00 },                 /* reply #689.1, PROP_CFN_2 */
        { 0 } } },
    { { 0x18, 0x17, 0x06, 0x00, 0x10, 0x40, 0x04, 0x02, 0x0a, 0x76, 0x00, 0x00, 0x0a, 0x76, 0x00, 0x1d, 0x3b, 0x00, 0x00, 0x01, 0x2c, 0x00, 0x00, 0x00 }, {/* spell #690 */
        { 0 } } },
    { { 0x0c, 0x0a, 0x06, 0x00, 0x10, 0x00, 0x04, 0x01, 0x0a, 0x76, 0x00, 0x00 }, {/* spell #691 */
        { 0 } } },
    { { 0x0a, 0x08, 0x06, 0x00, 0x01, 0x00, 0x03, 0x84, 0x00, 0x00 }, {/* spell #692 */
        { 0 } } },
    { { 0x0c, 0x0b, 0x0c, 0x00, 0x00, 0x00, 0x02, 0x37, 0x01, 0x00, 0x01, 0x00 }, {/* spell #693 */
        { 0x06, 0x05, 0x03, 0x19, 0xff, 0x00 },                 /* reply #693.1, PROP_TFT_STATUS */
        { 0 } } },
    { { 0x0a, 0x08, 0x06, 0x00, 0x01, 0x00, 0x03, 0x04, 0x00, 0x00 }, {/* spell #694 */
        { 0 } } },
    { { 0x0c, 0x0b, 0x0c, 0x00, 0x00, 0x00, 0x00, 0x00, 0x01, 0x00, 0x02, 0x00 }, {/* spell #695 */
        { 0 } } },
    { { 0x0c, 0x0b, 0x0c, 0x00, 0x00, 0x00, 0x02, 0x37, 0x01, 0x00, 0x01, 0x00 }, {/* spell #696 */
        { 0 } } },
    { { 0x0a, 0x08, 0x06, 0x00, 0x01, 0x00, 0x03, 0x84, 0x00, 0x00 }, {/* spell #697 */
        { 0x06, 0x05, 0x03, 0x19, 0xff, 0x00 },                 /* reply #697.1, PROP_TFT_STATUS */
        { 0 } } },
    { { 0x0c, 0x0b, 0x0c, 0x00, 0x00, 0x00, 0x00, 0x00, 0x01, 0x00, 0x02, 0x00 }, {/* spell #698 */
        { 0 } } },
    { { 0x0c, 0x0b, 0x0c, 0x00, 0x00, 0x00, 0x02, 0x37, 0x01, 0x00, 0x01, 0x00 }, {/* spell #699 */
        { 0x06, 0x05, 0x03, 0x19, 0xff, 0x00 },                 /* reply #699.1, PROP_TFT_STATUS */
        { 0 } } },
    { { 0x0c, 0x0b, 0x0c, 0x00, 0x00, 0x00, 0x00, 0x00, 0x01, 0x00, 0x02, 0x00 }, {/* spell #700 */
        { 0 } } },
    { { 0x0c, 0x0b, 0x0c, 0x00, 0x00, 0x00, 0x02, 0x37, 0x01, 0x00, 0x01, 0x00 }, {/* spell #701 */
        { 0 } } },
    { { 0x1c, 0x1a, 0x06, 0x00, 0x42, 0x02, 0x01, 0x01, 0x68, 0xd8, 0x00, 0xdd, 0x00, 0x01, 0x01, 0x15, 0x00, 0x00, 0x00, 0x00, 0x01, 0x01, 0x00, 0x20, 0x00, 0x00, 0x00, 0x00 }, {/* spell #702 */
        { 0x06, 0x05, 0x03, 0x19, 0x02, 0x00 },                 /* reply #702.1, PROP_TFT_STATUS */
        { 0 } } },
    { { 0x0c, 0x0b, 0x0c, 0x00, 0x00, 0x00, 0x00, 0x00, 0x01, 0x00, 0x02, 0x00 }, {/* spell #703 */
        { 0 } } },
    { { 0x0c, 0x0b, 0x0c, 0x00, 0x00, 0x00, 0x02, 0x37, 0x01, 0x00, 0x01, 0x00 }, {/* spell #704 */
        { 0 } } },
    { { 0x1c, 0x1a, 0x06, 0x00, 0x42, 0x02, 0x01, 0x01, 0x68, 0xd8, 0x00, 0xe0, 0x00, 0x01, 0x01, 0x13, 0x00, 0x00, 0x00, 0x00, 0x01, 0x01, 0x00, 0x10, 0x00, 0x00, 0x00, 0x00 }, {/* spell #705 */
        { 0x06, 0x05, 0x03, 0x19, 0x01, 0x00 },                 /* reply #705.1, PROP_TFT_STATUS */
        { 0 } } },
    { { 0x0c, 0x0b, 0x0c, 0x00, 0x00, 0x00, 0x00, 0x00, 0x01, 0x00, 0x02, 0x00 }, {/* spell #706 */
        { 0 } } },
    { { 0x0c, 0x0b, 0x0c, 0x00, 0x00, 0x00, 0x02, 0x37, 0x01, 0x00, 0x01, 0x00 }, {/* spell #707 */
        { 0 } } },
    { { 0x1c, 0x1a, 0x06, 0x00, 0x42, 0x02, 0x01, 0x01, 0x68, 0xd8, 0x00, 0xe3, 0x00, 0x01, 0x01, 0x10, 0x00, 0x00, 0x00, 0x00, 0x01, 0x01, 0x00, 0x08, 0x00, 0x00, 0x00, 0x00 }, {/* spell #708 */
        { 0x06, 0x05, 0x03, 0x19, 0x01, 0x00 },                 /* reply #708.1, PROP_TFT_STATUS */
        { 0 } } },
    { { 0x0c, 0x0b, 0x0c, 0x00, 0x00, 0x00, 0x00, 0x00, 0x01, 0x00, 0x02, 0x00 }, {/* spell #709 */
        { 0 } } },
    { { 0x0c, 0x0b, 0x0c, 0x00, 0x00, 0x00, 0x02, 0x37, 0x01, 0x00, 0x01, 0x00 }, {/* spell #710 */
        { 0 } } },
    { { 0x1c, 0x1a, 0x06, 0x00, 0x42, 0x02, 0x01, 0x01, 0x68, 0xd8, 0x00, 0xe8, 0x00, 0x01, 0x01, 0x0b, 0x00, 0x00, 0x00, 0x00, 0x01, 0x01, 0x00, 0x02, 0x00, 0x00, 0x00, 0x00 }, {/* spell #711 */
        { 0x06, 0x05, 0x03, 0x19, 0x02, 0x00 },                 /* reply #711.1, PROP_TFT_STATUS */
        { 0 } } },
    { { 0x0c, 0x0b, 0x0c, 0x00, 0x00, 0x00, 0x00, 0x00, 0x01, 0x00, 0x02, 0x00 }, {/* spell #712 */
        { 0 } } },
    { { 0x0c, 0x0b, 0x0c, 0x00, 0x00, 0x00, 0x02, 0x37, 0x01, 0x00, 0x01, 0x00 }, {/* spell #713 */
        { 0 } } },
    { { 0x1c, 0x1a, 0x06, 0x00, 0x42, 0x02, 0x01, 0x01, 0x68, 0xd8, 0x00, 0xed, 0x00, 0x01, 0x01, 0x05, 0x00, 0x00, 0x00, 0x00, 0x01, 0x01, 0x00, 0x00, 0x80, 0x00, 0x00, 0x00 }, {/* spell #714 */
        { 0 } } },
    { { 0x0a, 0x08, 0x06, 0x00, 0x01, 0x00, 0x03, 0x04, 0x00, 0x00 }, {/* spell #715 */
        { 0x06, 0x05, 0x03, 0x19, 0x02, 0x00 },                 /* reply #715.1, PROP_TFT_STATUS */
        { 0 } } },
    { { 0x0c, 0x0b, 0x0c, 0x00, 0x00, 0x00, 0x00, 0x00, 0x01, 0x00, 0x02, 0x00 }, {/* spell #716 */
        { 0 } } },
    { { 0x0c, 0x0b, 0x0c, 0x00, 0x00, 0x00, 0x02, 0x37, 0x01, 0x00, 0x01, 0x00 }, {/* spell #717 */
        { 0 } } },
    { { 0x10, 0x0f, 0x06, 0x00, 0x03, 0x00, 0x03, 0x84, 0x01, 0x01, 0x68, 0xd8, 0x00, 0xf3, 0x00, 0x00 }, {/* spell #718 */
        { 0x06, 0x05, 0x03, 0x19, 0x02, 0x00 },                 /* reply #718.1, PROP_TFT_STATUS */
        { 0 } } },
    { { 0x0c, 0x0b, 0x0c, 0x00, 0x00, 0x00, 0x00, 0x00, 0x01, 0x00, 0x02, 0x00 }, {/* spell #719 */
        { 0 } } },
    { { 0x0c, 0x0b, 0x0c, 0x00, 0x00, 0x00, 0x02, 0x37, 0x01, 0x00, 0x01, 0x00 }, {/* spell #720 */
        { 0 } } },
    { { 0x1c, 0x1a, 0x06, 0x00, 0x42, 0x02, 0x01, 0x01, 0x68, 0xd8, 0x00, 0xf5, 0x00, 0x01, 0x01, 0x03, 0x00, 0x00, 0x00, 0x00, 0x01, 0x01, 0x00, 0x00, 0x40, 0x00, 0x00, 0x00 }, {/* spell #721 */
        { 0x06, 0x05, 0x03, 0x19, 0x01, 0x00 },                 /* reply #721.1, PROP_TFT_STATUS */
        { 0 } } },
    { { 0x0c, 0x0b, 0x0c, 0x00, 0x00, 0x00, 0x00, 0x00, 0x01, 0x00, 0x02, 0x00 }, {/* spell #722 */
        { 0 } } },
    { { 0x0c, 0x0b, 0x0c, 0x00, 0x00, 0x00, 0x02, 0x37, 0x01, 0x00, 0x01, 0x00 }, {/* spell #723 */
        { 0 } } },
    { { 0x14, 0x13, 0x06, 0x00, 0x0a, 0x00, 0x01, 0x01, 0x68, 0xd8, 0x00, 0xf8, 0x00, 0x01, 0x01, 0x00, 0x2b, 0x6d, 0x28, 0x00 }, {/* spell #724 */
        { 0x06, 0x05, 0x03, 0x19, 0x01, 0x00 },                 /* reply #724.1, PROP_TFT_STATUS */
        { 0 } } },
    { { 0x0e, 0x0c, 0x06, 0x00, 0x08, 0x00, 0x01, 0x01, 0x00, 0x28, 0x6d, 0x28, 0x00, 0x00 }, {/* spell #725 */
        { 0 } } },
    { { 0x0c, 0x0b, 0x0c, 0x00, 0x00, 0x00, 0x00, 0x00, 0x01, 0x00, 0x02, 0x00 }, {/* spell #726 */
        { 0 } } },
    { { 0x0c, 0x0b, 0x0c, 0x00, 0x00, 0x00, 0x02, 0x37, 0x01, 0x00, 0x01, 0x00 }, {/* spell #727 */
        { 0 } } },
    { { 0x14, 0x13, 0x06, 0x00, 0x0a, 0x00, 0x01, 0x01, 0x68, 0xd8, 0x00, 0xfd, 0x00, 0x01, 0x01, 0x00, 0x2b, 0x6d, 0x28, 0x00 }, {/* spell #728 */
        { 0x06, 0x05, 0x03, 0x19, 0x02, 0x00 },                 /* reply #728.1, PROP_TFT_STATUS */
        { 0 } } },
    { { 0x0c, 0x0b, 0x0c, 0x00, 0x00, 0x00, 0x00, 0x00, 0x01, 0x00, 0x02, 0x00 }, {/* spell #729 */
        { 0 } } },
    { { 0x0c, 0x0b, 0x0c, 0x00, 0x00, 0x00, 0x02, 0x37, 0x01, 0x00, 0x01, 0x00 }, {/* spell #730 */
        { 0 } } },
    { { 0x14, 0x13, 0x06, 0x00, 0x0a, 0x00, 0x01, 0x01, 0x68, 0xd8, 0x00, 0x03, 0x00, 0x01, 0x01, 0x00, 0x30, 0x6d, 0x28, 0x00 }, {/* spell #731 */
        { 0 } } },
    { { 0x0a, 0x08, 0x06, 0x00, 0x01, 0x00, 0x03, 0x04, 0x00, 0x00 }, {/* spell #732 */
        { 0x06, 0x05, 0x03, 0x19, 0x02, 0x00 },                 /* reply #732.1, PROP_TFT_STATUS */
        { 0 } } },
    { { 0x0c, 0x0b, 0x0c, 0x00, 0x00, 0x00, 0x00, 0x00, 0x01, 0x00, 0x02, 0x00 }, {/* spell #733 */
        { 0 } } },
    { { 0x0c, 0x0b, 0x0c, 0x00, 0x00, 0x00, 0x02, 0x37, 0x01, 0x00, 0x01, 0x00 }, {/* spell #734 */
        { 0 } } },
    { { 0x16, 0x15, 0x06, 0x00, 0x0b, 0x00, 0x03, 0x84, 0x01, 0x01, 0x68, 0xd8, 0x00, 0x08, 0x00, 0x01, 0x01, 0x00, 0x35, 0x6d, 0x28, 0x00 }, {/* spell #735 */
        { 0x06, 0x05, 0x03, 0x19, 0x02, 0x00 },                 /* reply #735.1, PROP_TFT_STATUS */
        { 0 } } },
    { { 0x0c, 0x0b, 0x0c, 0x00, 0x00, 0x00, 0x00, 0x00, 0x01, 0x00, 0x02, 0x00 }, {/* spell #736 */
        { 0 } } },
    { { 0x0c, 0x0b, 0x0c, 0x00, 0x00, 0x00, 0x02, 0x37, 0x01, 0x00, 0x01, 0x00 }, {/* spell #737 */
        { 0 } } },
    { { 0x14, 0x13, 0x06, 0x00, 0x0a, 0x00, 0x01, 0x01, 0x68, 0xd8, 0x00, 0x0b, 0x00, 0x01, 0x01, 0x00, 0x38, 0x6d, 0x28, 0x00 }, {/* spell #738 */
        { 0x06, 0x05, 0x03, 0x19, 0x01, 0x00 },                 /* reply #738.1, PROP_TFT_STATUS */
        { 0 } } },
    { { 0x0c, 0x0b, 0x0c, 0x00, 0x00, 0x00, 0x00, 0x00, 0x01, 0x00, 0x02, 0x00 }, {/* spell #739 */
        { 0 } } },
    { { 0x0c, 0x0b, 0x0c, 0x00, 0x00, 0x00, 0x02, 0x37, 0x01, 0x00, 0x01, 0x00 }, {/* spell #740 */
        { 0 } } },
    { { 0x14, 0x13, 0x06, 0x00, 0x0a, 0x00, 0x01, 0x01, 0x68, 0xd8, 0x00, 0x0d, 0x00, 0x01, 0x01, 0x00, 0x3b, 0x6d, 0x28, 0x00 }, {/* spell #741 */
        { 0x06, 0x05, 0x03, 0x19, 0x01, 0x00 },                 /* reply #741.1, PROP_TFT_STATUS */
        { 0 } } },
    { { 0x0c, 0x0b, 0x0c, 0x00, 0x00, 0x00, 0x00, 0x00, 0x01, 0x00, 0x02, 0x00 }, {/* spell #742 */
        { 0 } } },
    { { 0x0c, 0x0b, 0x0c, 0x00, 0x00, 0x00, 0x02, 0x37, 0x01, 0x00, 0x01, 0x00 }, {/* spell #743 */
        { 0 } } },
    { { 0x14, 0x13, 0x06, 0x00, 0x0a, 0x00, 0x01, 0x01, 0x68, 0xd8, 0x00, 0x13, 0x00, 0x01, 0x01, 0x00, 0x40, 0x6d, 0x28, 0x00 }, {/* spell #744 */
        { 0x06, 0x05, 0x03, 0x19, 0x02, 0x00 },                 /* reply #744.1, PROP_TFT_STATUS */
        { 0 } } },
    { { 0x0c, 0x0b, 0x0c, 0x00, 0x00, 0x00, 0x00, 0x00, 0x01, 0x00, 0x02, 0x00 }, {/* spell #745 */
        { 0 } } },
    { { 0x0c, 0x0b, 0x0c, 0x00, 0x00, 0x00, 0x02, 0x37, 0x01, 0x00, 0x01, 0x00 }, {/* spell #746 */
        { 0 } } },
    { { 0x14, 0x13, 0x06, 0x00, 0x0a, 0x00, 0x01, 0x01, 0x68, 0xd8, 0x00, 0x15, 0x00, 0x01, 0x01, 0x00, 0x43, 0x6d, 0x28, 0x00 }, {/* spell #747 */
        { 0x06, 0x05, 0x03, 0x19, 0x01, 0x00 },                 /* reply #747.1, PROP_TFT_STATUS */
        { 0 } } },
    { { 0x0c, 0x0b, 0x0c, 0x00, 0x00, 0x00, 0x00, 0x00, 0x01, 0x00, 0x02, 0x00 }, {/* spell #748 */
        { 0 } } },
    { { 0x0c, 0x0b, 0x0c, 0x00, 0x00, 0x00, 0x02, 0x37, 0x01, 0x00, 0x01, 0x00 }, {/* spell #749 */
        { 0 } } },
    { { 0x14, 0x13, 0x06, 0x00, 0x0a, 0x00, 0x01, 0x01, 0x68, 0xd8, 0x00, 0x18, 0x00, 0x01, 0x01, 0x00, 0x45, 0x6d, 0x28, 0x00 }, {/* spell #750 */
        { 0 } } },
    { { 0x0a, 0x08, 0x06, 0x00, 0x01, 0x00, 0x03, 0x04, 0x00, 0x00 }, {/* spell #751 */
        { 0x06, 0x05, 0x03, 0x19, 0x01, 0x00 },                 /* reply #751.1, PROP_TFT_STATUS */
        { 0 } } },
    { { 0x0c, 0x0b, 0x0c, 0x00, 0x00, 0x00, 0x00, 0x00, 0x01, 0x00, 0x02, 0x00 }, {/* spell #752 */
        { 0 } } },
    { { 0x0c, 0x0b, 0x0c, 0x00, 0x00, 0x00, 0x02, 0x37, 0x01, 0x00, 0x01, 0x00 }, {/* spell #753 */
        { 0 } } },
    { { 0x16, 0x15, 0x06, 0x00, 0x0b, 0x00, 0x03, 0x84, 0x01, 0x01, 0x68, 0xd8, 0x00, 0x20, 0x00, 0x01, 0x01, 0x00, 0x4d, 0x6d, 0x28, 0x00 }, {/* spell #754 */
        { 0x06, 0x05, 0x03, 0x19, 0x03, 0x00 },                 /* reply #754.1, PROP_TFT_STATUS */
        { 0 } } },
    { { 0x0c, 0x0b, 0x0c, 0x00, 0x00, 0x00, 0x00, 0x00, 0x01, 0x00, 0x02, 0x00 }, {/* spell #755 */
        { 0 } } },
    { { 0x0c, 0x0b, 0x0c, 0x00, 0x00, 0x00, 0x02, 0x37, 0x01, 0x00, 0x01, 0x00 }, {/* spell #756 */
        { 0 } } },
    { { 0x14, 0x13, 0x06, 0x00, 0x0a, 0x00, 0x01, 0x01, 0x68, 0xd8, 0x00, 0x23, 0x00, 0x01, 0x01, 0x00, 0x50, 0x6d, 0x28, 0x00 }, {/* spell #757 */
        { 0x06, 0x05, 0x03, 0x19, 0x01, 0x00 },                 /* reply #757.1, PROP_TFT_STATUS */
        { 0 } } },
    { { 0x0c, 0x0b, 0x0c, 0x00, 0x00, 0x00, 0x00, 0x00, 0x01, 0x00, 0x02, 0x00 }, {/* spell #758 */
        { 0 } } },
    { { 0x0c, 0x0b, 0x0c, 0x00, 0x00, 0x00, 0x02, 0x37, 0x01, 0x00, 0x01, 0x00 }, {/* spell #759 */
        { 0 } } },
    { { 0x14, 0x13, 0x06, 0x00, 0x0a, 0x00, 0x01, 0x01, 0x68, 0xd8, 0x00, 0x28, 0x00, 0x01, 0x01, 0x00, 0x55, 0x6d, 0x28, 0x00 }, {/* spell #760 */
        { 0x06, 0x05, 0x03, 0x19, 0x02, 0x00 },                 /* reply #760.1, PROP_TFT_STATUS */
        { 0 } } },
    { { 0x0c, 0x0b, 0x0c, 0x00, 0x00, 0x00, 0x00, 0x00, 0x01, 0x00, 0x02, 0x00 }, {/* spell #761 */
        { 0 } } },
    { { 0x0c, 0x0b, 0x0c, 0x00, 0x00, 0x00, 0x02, 0x37, 0x01, 0x00, 0x01, 0x00 }, {/* spell #762 */
        { 0 } } },
    { { 0x14, 0x13, 0x06, 0x00, 0x0a, 0x00, 0x01, 0x01, 0x68, 0xd8, 0x00, 0x2b, 0x00, 0x01, 0x01, 0x00, 0x58, 0x6d, 0x28, 0x00 }, {/* spell #763 */
        { 0x06, 0x05, 0x03, 0x19, 0x01, 0x00 },                 /* reply #763.1, PROP_TFT_STATUS */
        { 0 } } },
    { { 0x0a, 0x08, 0x06, 0x00, 0x01, 0x00, 0x03, 0x04, 0x00, 0x00 }, {/* spell #764 */
        { 0 } } },
    { { 0x0c, 0x0b, 0x0c, 0x00, 0x00, 0x00, 0x00, 0x00, 0x01, 0x00, 0x02, 0x00 }, {/* spell #765 */
        { 0 } } },
    { { 0x0c, 0x0b, 0x0c, 0x00, 0x00, 0x00, 0x02, 0x37, 0x01, 0x00, 0x01, 0x00 }, {/* spell #766 */
        { 0 } } },
    { { 0x16, 0x15, 0x06, 0x00, 0x0b, 0x00, 0x03, 0x84, 0x01, 0x01, 0x68, 0xd8, 0x00, 0x2d, 0x00, 0x01, 0x01, 0x00, 0x5b, 0x6d, 0x28, 0x00 }, {/* spell #767 */
        { 0x06, 0x05, 0x03, 0x19, 0x01, 0x00 },                 /* reply #767.1, PROP_TFT_STATUS */
        { 0 } } },
    { { 0x0c, 0x0b, 0x0c, 0x00, 0x00, 0x00, 0x00, 0x00, 0x01, 0x00, 0x02, 0x00 }, {/* spell #768 */
        { 0 } } },
    { { 0x0c, 0x0b, 0x0c, 0x00, 0x00, 0x00, 0x02, 0x37, 0x01, 0x00, 0x01, 0x00 }, {/* spell #769 */
        { 0 } } },
    { { 0x14, 0x13, 0x06, 0x00, 0x0a, 0x00, 0x01, 0x01, 0x68, 0xd8, 0x00, 0x30, 0x00, 0x01, 0x01, 0x00, 0x5d, 0x6d, 0x28, 0x00 }, {/* spell #770 */
        { 0x06, 0x05, 0x03, 0x19, 0x01, 0x00 },                 /* reply #770.1, PROP_TFT_STATUS */
        { 0 } } },
    { { 0x0c, 0x0b, 0x0c, 0x00, 0x00, 0x00, 0x00, 0x00, 0x01, 0x00, 0x02, 0x00 }, {/* spell #771 */
        { 0 } } },
    { { 0x0c, 0x0b, 0x0c, 0x00, 0x00, 0x00, 0x02, 0x37, 0x01, 0x00, 0x01, 0x00 }, {/* spell #772 */
        { 0 } } },
    { { 0x14, 0x13, 0x06, 0x00, 0x0a, 0x00, 0x01, 0x01, 0x68, 0xd8, 0x00, 0x33, 0x00, 0x01, 0x01, 0x00, 0x60, 0x6d, 0x28, 0x00 }, {/* spell #773 */
        { 0x06, 0x05, 0x03, 0x19, 0x01, 0x00 },                 /* reply #773.1, PROP_TFT_STATUS */
        { 0 } } },
    { { 0x0c, 0x0b, 0x0c, 0x00, 0x00, 0x00, 0x00, 0x00, 0x01, 0x00, 0x02, 0x00 }, {/* spell #774 */
        { 0 } } },
    { { 0x0c, 0x0b, 0x0c, 0x00, 0x00, 0x00, 0x02, 0x37, 0x01, 0x00, 0x01, 0x00 }, {/* spell #775 */
        { 0 } } },
    { { 0x1c, 0x1a, 0x06, 0x00, 0x42, 0x02, 0x01, 0x01, 0x68, 0xd8, 0x00, 0x35, 0x00, 0x01, 0x01, 0x00, 0x00, 0x00, 0x00, 0x00, 0x01, 0x01, 0x00, 0x00, 0x20, 0x00, 0x00, 0x00 }, {/* spell #776 */
        { 0x06, 0x05, 0x03, 0x19, 0x01, 0x00 },                 /* reply #776.1, PROP_TFT_STATUS */
        { 0 } } },
    { { 0x0a, 0x08, 0x06, 0x00, 0x01, 0x00, 0x03, 0x04, 0x00, 0x00 }, {/* spell #777 */
        { 0 } } },
    { { 0x0c, 0x0b, 0x0c, 0x00, 0x00, 0x00, 0x00, 0x00, 0x01, 0x00, 0x02, 0x00 }, {/* spell #778 */
        { 0 } } },
    { { 0x0a, 0x08, 0x06, 0x00, 0x01, 0x00, 0x02, 0x04, 0x00, 0x00 }, {/* spell #779 */
        { 0x06, 0x05, 0x03, 0x05, 0x01, 0x00 },                 /* reply #779.1, PROP_POWER_LEVEL */
        { 0 } } },
    { { 0x0c, 0x0b, 0x0c, 0x00, 0x00, 0x00, 0x02, 0x37, 0x01, 0x00, 0x01, 0x00 }, {/* spell #780 */
        { 0 } } },
    { { 0x0a, 0x08, 0x06, 0x00, 0x01, 0x00, 0x03, 0x04, 0x00, 0x00 }, {/* spell #781 */
        { 0x06, 0x05, 0x03, 0x05, 0x00, 0x00 },                 /* reply #781.1, PROP_POWER_LEVEL */
        { 0 } } },
    { { 0x0c, 0x0b, 0x0c, 0x00, 0x00, 0x00, 0x00, 0x00, 0x01, 0x00, 0x02, 0x00 }, {/* spell #782 */
        { 0 } } },
    { { 0x0a, 0x08, 0x06, 0x00, 0x01, 0x00, 0x02, 0x04, 0x00, 0x00 }, {/* spell #783 */
        { 0x06, 0x05, 0x03, 0x05, 0x01, 0x00 },                 /* reply #783.1, PROP_POWER_LEVEL */
        { 0 } } },
    { { 0x06, 0x05, 0x07, 0x06, 0x12, 0x00 }, {                 /* spell #784 */
        { 0x06, 0x05, 0x03, 0x06, 0x01, 0x00 },                 /* reply #784.1, PROP_AVAIL_SHOT */
        { 0x06, 0x05, 0x07, 0x06, 0x00, 0x00 },                 /* reply #784.2 */
        { 0 } } },
    { { 0x06, 0x05, 0x07, 0x01, 0x01, 0x00 }, {                 /* spell #785 */
        { 0x0a, 0x08, 0x07, 0x00, 0x02, 0x20, 0x1c, 0xff, 0x00, 0x00 },/* reply #785.1 */
        { 0 } } },
    { { 0x06, 0x05, 0x09, 0x00, 0x01, 0x00 }, .description = "PROP_LV_LENS", .out_spells = { /* spell #786 */
        { 0 } } },
    { { 0x1a, 0x19, 0x06, 0x00, 0x11, 0x40, 0x04, 0x04, 0x04, 0x02, 0x0a, 0x75, 0x00, 0x00, 0x0a, 0x75, 0x00, 0x1d, 0x3b, 0x00, 0x00, 0x01, 0x2c, 0x00, 0x00, 0x00 }, {/* spell #787 */
        { 0x1e, 0x1c, 0x07, 0x03, 0x98, 0x0b, 0x94, 0x2e, 0x89, 0x88, 0x21, 0x02, 0x06, 0x40, 0x0c, 0x00, 0xbe, 0x07, 0x30, 0x55, 0x00, 0x00, 0x00, 0x00, 0x00, 0x00, 0x00, 0x64, 0x00, 0x00 },/* reply #787.1 */
        { 0 } } },
    { { 0x06, 0x05, 0x07, 0x06, 0x0c, 0x00 }, {                 /* spell #788 */
        { 0x06, 0x05, 0x07, 0x06, 0x00, 0x00 },                 /* reply #788.1 */
        { 0x0a, 0x08, 0x07, 0x00, 0x02, 0x20, 0x1c, 0xff, 0x00, 0x00 },/* reply #788.2 */
        { 0 } } },
    { { 0x0a, 0x08, 0x02, 0x12, 0x00, 0x00, 0xac, 0xe4, 0x00, 0x00 }, .description = "Lens group", .out_spells = { /* spell #789 */
        { 0x1e, 0x1c, 0x07, 0x03, 0x96, 0x19, 0x94, 0x2e, 0x89, 0x88, 0x21, 0x02, 0x06, 0x3f, 0x0c, 0x00, 0xbe, 0x07, 0x30, 0x55, 0x00, 0x00, 0x00, 0x00, 0x00, 0x00, 0x00, 0x64, 0x00, 0x00 },/* reply #789.1 */
        { 0x06, 0x05, 0x02, 0x05, 0x01, 0x00 },                 /* reply #789.2, PROP_CFN_1 */
        { 0x1c, 0x1b, 0x02, 0x04, 0x55, 0x03, 0x00, 0x00, 0x00, 0x58, 0x00, 0x4c, 0x50, 0x2d, 0x45, 0x36, 0x00, 0x00, 0x00, 0x00, 0x00, 0x01, 0x00, 0x74, 0xb5, 0xf5, 0x0d, 0x00 },/* reply #789.3, PROP_CFN */
        { 0 } } },
    { { 0x06, 0x05, 0x09, 0x00, 0x02, 0x00 }, .description = "PROP_LV_LENS", .out_spells = { /* spell #790 */
        { 0 } } },
    { { 0x06, 0x05, 0x09, 0x00, 0x00, 0x00 }, .description = "PROP_LV_LENS", .out_spells = { /* spell #791 */
        { 0 } } },
    { { 0x06, 0x05, 0x07, 0x01, 0x00, 0x00 }, {                 /* spell #792 */
        { 0 } } },
    { { 0x0a, 0x08, 0x06, 0x00, 0x01, 0x00, 0x02, 0x04, 0x00, 0x00 }, {/* spell #793 */
        { 0x06, 0x04, 0x02, 0x06, 0x00, 0x00 },                 /* reply #793.1, PROP_CFN_2 */
        { 0x06, 0x05, 0x03, 0x06, 0x00, 0x00 },                 /* reply #793.2, PROP_AVAIL_SHOT */
        { 0 } } },
    { { 0x0a, 0x08, 0x06, 0x00, 0x01, 0x00, 0x03, 0x04, 0x00, 0x00 }, {/* spell #794 */
        { 0x06, 0x05, 0x03, 0x05, 0x00, 0x00 },                 /* reply #794.1, PROP_POWER_LEVEL */
        { 0 } } },
    { { 0x0c, 0x0a, 0x06, 0x00, 0x10, 0x00, 0x04, 0x01, 0x0a, 0x75, 0x00, 0x00 }, {/* spell #795 */
     // { 0x06, 0x05, 0x03, 0x0c, 0x01, 0x00 },                 /* reply #795.1, PROP_CARD1_RECORD, delayed by 212 ms, likely external input */
        { 0 } } },
    { { 0x0c, 0x0b, 0x0c, 0x00, 0x00, 0x00, 0x02, 0x37, 0x01, 0x00, 0x01, 0x00 }, {/* spell #796 */
        { 0x06, 0x05, 0x03, 0x0c, 0x00, 0x00 },                 /* reply #796.1, PROP_CARD1_RECORD */
        { 0 } } },
    { { 0x1c, 0x1b, 0x06, 0x00, 0x49, 0x02, 0x01, 0x04, 0x01, 0x01, 0x00, 0x00, 0x6d, 0x28, 0x01, 0x01, 0x03, 0x00, 0x00, 0x00, 0x00, 0x01, 0x01, 0x00, 0x00, 0x40, 0x00, 0x00 }, {/* spell #797 */
        { 0 } } },
    { { 0x0c, 0x0b, 0x0c, 0x00, 0x00, 0x00, 0x00, 0x00, 0x01, 0x00, 0x02, 0x00 }, {/* spell #798 */
        { 0 } } },
    { { 0x40, 0x3e, 0x06, 0x00, 0x00, 0x20, 0x03, 0x00, 0x08, 0x00, 0x01, 0x00, 0x00, 0x00, 0x03, 0x81, 0x00, 0x00, 0x00, 0x01, 0x01, 0x02, 0x00, 0x00, 0x00, 0x00, 0x00, 0x00, 0x00, 0x00, 0x00, 0x00, 0x00, 0x01, 0x00, 0x03, 0x03, 0x00, 0x0b, 0xb5, 0x02, 0x00, 0x00, 0x00, 0x00, 0x03, 0x00, 0x00, 0x02, 0x01, 0x02, 0x03, 0x04, 0x05, 0x00, 0x02, 0x02, 0x02, 0x00, 0x03, 0x00, 0x00, 0x00, 0x00 }, {/* spell #799 */
        { 0x06, 0x05, 0x03, 0x0c, 0x01, 0x00 },                 /* reply #799.1, PROP_CARD1_RECORD */
        { 0 } } },
    { { 0x0c, 0x0b, 0x0c, 0x00, 0x00, 0x00, 0x02, 0x37, 0x01, 0x00, 0x01, 0x00 }, {/* spell #800 */
        { 0x06, 0x05, 0x03, 0x0c, 0x00, 0x00 },                 /* reply #800.1, PROP_CARD1_RECORD */
        { 0 } } },
    { { 0x0c, 0x0b, 0x0c, 0x00, 0x00, 0x00, 0x00, 0x00, 0x01, 0x00, 0x02, 0x00 }, {/* spell #801 */
        { 0 } } },
    { { 0x0c, 0x0b, 0x0c, 0x00, 0x00, 0x00, 0x02, 0x37, 0x01, 0x00, 0x01, 0x00 }, {/* spell #802 */
        { 0 } } },
    { { 0x40, 0x3e, 0x06, 0x00, 0x00, 0x20, 0x03, 0x00, 0x08, 0x00, 0x01, 0x04, 0x00, 0x00, 0x03, 0x81, 0x00, 0x00, 0x00, 0x01, 0x01, 0x02, 0x00, 0x00, 0x00, 0x00, 0x00, 0x00, 0x00, 0x00, 0x00, 0x00, 0x00, 0x01, 0x00, 0x03, 0x03, 0x00, 0x0b, 0xb5, 0x02, 0x00, 0x00, 0x00, 0x00, 0x03, 0x00, 0x00, 0x02, 0x01, 0x02, 0x03, 0x04, 0x05, 0x00, 0x02, 0x02, 0x02, 0x00, 0x03, 0x00, 0x00, 0x00, 0x00 }, {/* spell #803 */
        { 0x06, 0x05, 0x03, 0x19, 0x01, 0x00 },                 /* reply #803.1, PROP_TFT_STATUS */
        { 0 } } },
    { { 0x0c, 0x0b, 0x0c, 0x00, 0x00, 0x00, 0x00, 0x00, 0x01, 0x00, 0x02, 0x00 }, {/* spell #804 */
        { 0 } } },
    { { 0x1c, 0x1b, 0x06, 0x00, 0x49, 0x02, 0x02, 0x04, 0x01, 0x01, 0x00, 0x60, 0x6d, 0x28, 0x01, 0x01, 0x00, 0x00, 0x00, 0x00, 0x00, 0x01, 0x01, 0x00, 0x00, 0x20, 0x00, 0x00 }, {/* spell #805 */
        { 0 } } },
    { { 0x40, 0x3e, 0x06, 0x00, 0x00, 0x20, 0x03, 0x00, 0x0b, 0x00, 0x01, 0x04, 0x00, 0x00, 0x03, 0x81, 0x00, 0x00, 0x00, 0x01, 0x01, 0x02, 0x00, 0x00, 0x00, 0x00, 0x00, 0x00, 0x00, 0x00, 0x00, 0x00, 0x00, 0x01, 0x00, 0x03, 0x03, 0x00, 0x0b, 0xb5, 0x02, 0x00, 0x00, 0x00, 0x00, 0x03, 0x00, 0x00, 0x02, 0x01, 0x02, 0x03, 0x04, 0x05, 0x00, 0x02, 0x02, 0x02, 0x00, 0x03, 0x00, 0x00, 0x00, 0x00 }, {/* spell #806 */
        { 0x06, 0x05, 0x03, 0x05, 0x01, 0x00 },                 /* reply #806.1, PROP_POWER_LEVEL */
        { 0 } } },
    { { 0x0c, 0x0b, 0x0c, 0x00, 0x00, 0x00, 0x02, 0x37, 0x01, 0x00, 0x01, 0x00 }, {/* spell #807 */
        { 0 } } },
    { { 0x0a, 0x08, 0x06, 0x00, 0x01, 0x00, 0x03, 0x04, 0x00, 0x00 }, {/* spell #808 */
        { 0x06, 0x05, 0x03, 0x05, 0x00, 0x00 },                 /* reply #808.1, PROP_POWER_LEVEL */
        { 0 } } },
    { { 0x0c, 0x0b, 0x0c, 0x00, 0x00, 0x00, 0x00, 0x00, 0x01, 0x00, 0x02, 0x00 }, {/* spell #809 */
        { 0 } } },
    { { 0x0a, 0x08, 0x06, 0x00, 0x01, 0x00, 0x02, 0x04, 0x00, 0x00 }, {/* spell #810 */
        { 0x06, 0x05, 0x03, 0x05, 0x01, 0x00 },                 /* reply #810.1, PROP_POWER_LEVEL */
        { 0 } } },
    { { 0x06, 0x05, 0x07, 0x06, 0x12, 0x00 }, {                 /* spell #811 */
        { 0x06, 0x05, 0x03, 0x06, 0x01, 0x00 },                 /* reply #811.1, PROP_AVAIL_SHOT */
        { 0 } } },
    { { 0x06, 0x05, 0x07, 0x01, 0x01, 0x00 }, {                 /* spell #812 */
        { 0x06, 0x05, 0x07, 0x06, 0x00, 0x00 },                 /* reply #812.1 */
        { 0x0a, 0x08, 0x07, 0x00, 0x02, 0x1f, 0x1c, 0xff, 0x00, 0x00 },/* reply #812.2 */
        { 0 } } },
    { { 0x06, 0x05, 0x09, 0x00, 0x01, 0x00 }, .description = "PROP_LV_LENS", .out_spells = { /* spell #813 */
        { 0 } } },
    { { 0x1a, 0x19, 0x06, 0x00, 0x11, 0x40, 0x04, 0x04, 0x04, 0x02, 0x0a, 0x74, 0x00, 0x00, 0x0a, 0x74, 0x00, 0x1d, 0x3b, 0x00, 0x00, 0x01, 0x2c, 0x00, 0x00, 0x00 }, {/* spell #814 */
        { 0 } } },
    { { 0x06, 0x05, 0x07, 0x06, 0x0c, 0x00 }, {                 /* spell #815 */
        { 0x1e, 0x1c, 0x07, 0x03, 0x96, 0x16, 0x94, 0x2e, 0x89, 0x87, 0x21, 0x02, 0x06, 0x3f, 0x0c, 0x00, 0xbe, 0x07, 0x30, 0x55, 0x00, 0x00, 0x00, 0x00, 0x00, 0x00, 0x00, 0x64, 0x00, 0x00 },/* reply #815.1 */
        { 0x06, 0x05, 0x07, 0x06, 0x00, 0x00 },                 /* reply #815.2 */
        { 0x0a, 0x08, 0x07, 0x00, 0x02, 0x20, 0x1c, 0xff, 0x00, 0x00 },/* reply #815.3 */
        { 0 } } },
    { { 0x0a, 0x08, 0x02, 0x12, 0x00, 0x00, 0xac, 0xe5, 0x00, 0x00 }, .description = "Lens group", .out_spells = { /* spell #816 */
        { 0x1e, 0x1c, 0x07, 0x03, 0x95, 0x1b, 0x94, 0x2e, 0x89, 0x88, 0x21, 0x02, 0x06, 0x3e, 0x0c, 0x00, 0xbe, 0x07, 0x30, 0x55, 0x00, 0x00, 0x00, 0x00, 0x00, 0x00, 0x00, 0x64, 0x00, 0x00 },/* reply #816.1 */
        { 0x06, 0x05, 0x02, 0x05, 0x01, 0x00 },                 /* reply #816.2, PROP_CFN_1 */
        { 0x1c, 0x1b, 0x02, 0x04, 0x55, 0x03, 0x00, 0x00, 0x00, 0x59, 0x00, 0x4c, 0x50, 0x2d, 0x45, 0x36, 0x00, 0x00, 0x00, 0x00, 0x00, 0x01, 0x00, 0x74, 0xb5, 0xf5, 0x0d, 0x00 },/* reply #816.3, PROP_CFN */
        { 0 } } },
    { { 0x06, 0x05, 0x09, 0x00, 0x02, 0x00 }, .description = "PROP_LV_LENS", .out_spells = { /* spell #817 */
        { 0 } } },
    { { 0x06, 0x05, 0x07, 0x06, 0x0b, 0x00 }, {                 /* spell #818 */
        { 0x06, 0x04, 0x02, 0x06, 0x00, 0x00 },                 /* reply #818.1, PROP_CFN_2 */
        { 0 } } },
    { { 0x06, 0x05, 0x07, 0x06, 0x0c, 0x00 }, {                 /* spell #819 */
        { 0x06, 0x05, 0x07, 0x06, 0x00, 0x00 },                 /* reply #819.1 */
        { 0x06, 0x05, 0x07, 0x06, 0x00, 0x00 },                 /* reply #819.2 */
        { 0x0a, 0x08, 0x07, 0x00, 0x02, 0x21, 0x1d, 0x0c, 0x00, 0x00 },/* reply #819.3 */
        { 0 } } },
    { { 0x0a, 0x08, 0x02, 0x12, 0x00, 0x00, 0xac, 0xe6, 0x00, 0x00 }, .description = "Lens group", .out_spells = { /* spell #820 */
        { 0x1e, 0x1c, 0x07, 0x03, 0x96, 0x19, 0x94, 0x2e, 0x89, 0x88, 0x21, 0x02, 0x06, 0x3e, 0x0c, 0x00, 0xbe, 0x07, 0x30, 0x55, 0x00, 0x00, 0x00, 0x00, 0x00, 0x00, 0x00, 0x64, 0x00, 0x00 },/* reply #820.1 */
        { 0x06, 0x05, 0x02, 0x05, 0x01, 0x00 },                 /* reply #820.2, PROP_CFN_1 */
        { 0x1c, 0x1b, 0x02, 0x04, 0x55, 0x03, 0x00, 0x00, 0x00, 0x5a, 0x00, 0x4c, 0x50, 0x2d, 0x45, 0x36, 0x00, 0x00, 0x00, 0x00, 0x00, 0x01, 0x00, 0x74, 0xb5, 0xf5, 0x0d, 0x00 },/* reply #820.3, PROP_CFN */
        { 0 } } },
    { { 0x18, 0x17, 0x06, 0x00, 0x10, 0x40, 0x04, 0x02, 0x0a, 0x73, 0x00, 0x00, 0x0a, 0x73, 0x00, 0x1d, 0x3b, 0x00, 0x00, 0x01, 0x2c, 0x00, 0x00, 0x00 }, {/* spell #821 */
        { 0 } } },
    { { 0x06, 0x05, 0x09, 0x00, 0x02, 0x00 }, .description = "PROP_LV_LENS", .out_spells = { /* spell #822 */
        { 0x06, 0x04, 0x02, 0x06, 0x00, 0x00 },                 /* reply #822.1, PROP_CFN_2 */
        { 0 } } },
    { { 0x06, 0x05, 0x07, 0x06, 0x0b, 0x00 }, {                 /* spell #823 */
        { 0 } } },
    { { 0x06, 0x05, 0x07, 0x06, 0x0c, 0x00 }, {                 /* spell #824 */
        { 0x06, 0x05, 0x07, 0x06, 0x00, 0x00 },                 /* reply #824.1 */
        { 0x06, 0x05, 0x07, 0x06, 0x00, 0x00 },                 /* reply #824.2 */
        { 0x0a, 0x08, 0x07, 0x00, 0x02, 0x20, 0x1c, 0xff, 0x00, 0x00 },/* reply #824.3 */
        { 0 } } },
    { { 0x0a, 0x08, 0x02, 0x12, 0x00, 0x00, 0xac, 0xe7, 0x00, 0x00 }, .description = "Lens group", .out_spells = { /* spell #825 */
        { 0x1e, 0x1c, 0x07, 0x03, 0x95, 0x1a, 0x94, 0x2e, 0x89, 0x88, 0x21, 0x02, 0x06, 0x3e, 0x0c, 0x00, 0xbe, 0x07, 0x30, 0x55, 0x00, 0x00, 0x00, 0x00, 0x00, 0x00, 0x00, 0x64, 0x00, 0x00 },/* reply #825.1 */
        { 0x06, 0x05, 0x02, 0x05, 0x01, 0x00 },                 /* reply #825.2, PROP_CFN_1 */
        { 0x1c, 0x1b, 0x02, 0x04, 0x55, 0x03, 0x00, 0x00, 0x00, 0x5b, 0x00, 0x4c, 0x50, 0x2d, 0x45, 0x36, 0x00, 0x00, 0x00, 0x00, 0x00, 0x01, 0x00, 0x74, 0xb5, 0xf5, 0x0d, 0x00 },/* reply #825.3, PROP_CFN */
        { 0 } } },
    { { 0x18, 0x17, 0x06, 0x00, 0x10, 0x40, 0x04, 0x02, 0x0a, 0x72, 0x00, 0x00, 0x0a, 0x72, 0x00, 0x1d, 0x3b, 0x00, 0x00, 0x01, 0x2c, 0x00, 0x00, 0x00 }, {/* spell #826 */
        { 0 } } },
    { { 0x06, 0x05, 0x09, 0x00, 0x02, 0x00 }, .description = "PROP_LV_LENS", .out_spells = { /* spell #827 */
        { 0 } } },
    { { 0x06, 0x05, 0x07, 0x06, 0x0b, 0x00 }, {                 /* spell #828 */
        { 0x06, 0x04, 0x02, 0x06, 0x00, 0x00 },                 /* reply #828.1, PROP_CFN_2 */
        { 0 } } },
    { { 0x14, 0x13, 0x06, 0x00, 0x40, 0x02, 0x01, 0x01, 0x03, 0x00, 0x00, 0x00, 0x00, 0x01, 0x01, 0x00, 0x00, 0x40, 0x00, 0x00 }, {/* spell #829 */
        { 0 } } },
    { { 0x18, 0x17, 0x06, 0x00, 0x10, 0x40, 0x04, 0x02, 0x0a, 0x71, 0x00, 0x00, 0x0a, 0x71, 0x00, 0x1d, 0x3b, 0x00, 0x00, 0x01, 0x2c, 0x00, 0x00, 0x00 }, {/* spell #830 */
        { 0 } } },
    { { 0x06, 0x05, 0x07, 0x06, 0x0c, 0x00 }, {                 /* spell #831 */
        { 0x06, 0x05, 0x07, 0x06, 0x00, 0x00 },                 /* reply #831.1 */
        { 0x06, 0x05, 0x07, 0x06, 0x00, 0x00 },                 /* reply #831.2 */
        { 0x0a, 0x08, 0x07, 0x00, 0x02, 0x1f, 0x1c, 0xf2, 0x00, 0x00 },/* reply #831.3 */
        { 0 } } },
    { { 0x0a, 0x08, 0x02, 0x12, 0x00, 0x00, 0xac, 0xe8, 0x00, 0x00 }, .description = "Lens group", .out_spells = { /* spell #832 */
        { 0x1e, 0x1c, 0x07, 0x03, 0x95, 0x19, 0x94, 0x2e, 0x89, 0x87, 0x21, 0x02, 0x06, 0x3e, 0x0c, 0x00, 0xbe, 0x07, 0x30, 0x55, 0x00, 0x00, 0x00, 0x00, 0x00, 0x00, 0x00, 0x64, 0x00, 0x00 },/* reply #832.1 */
        { 0x06, 0x05, 0x02, 0x05, 0x01, 0x00 },                 /* reply #832.2, PROP_CFN_1 */
        { 0x1c, 0x1b, 0x02, 0x04, 0x55, 0x03, 0x00, 0x00, 0x00, 0x5c, 0x00, 0x4c, 0x50, 0x2d, 0x45, 0x36, 0x00, 0x00, 0x00, 0x00, 0x00, 0x01, 0x00, 0x74, 0xb5, 0xf5, 0x0d, 0x00 },/* reply #832.3, PROP_CFN */
        { 0 } } },
    { { 0x06, 0x05, 0x09, 0x00, 0x02, 0x00 }, .description = "PROP_LV_LENS", .out_spells = { /* spell #833 */
        { 0 } } },
    { { 0x06, 0x05, 0x07, 0x06, 0x0b, 0x00 }, {                 /* spell #834 */
        { 0x06, 0x04, 0x02, 0x06, 0x00, 0x00 },                 /* reply #834.1, PROP_CFN_2 */
        { 0 } } },
    { { 0x06, 0x05, 0x07, 0x06, 0x0c, 0x00 }, {                 /* spell #835 */
        { 0x06, 0x05, 0x07, 0x06, 0x00, 0x00 },                 /* reply #835.1 */
        { 0x06, 0x05, 0x07, 0x06, 0x00, 0x00 },                 /* reply #835.2 */
        { 0x0a, 0x08, 0x07, 0x00, 0x02, 0x20, 0x1c, 0xff, 0x00, 0x00 },/* reply #835.3 */
        { 0 } } },
    { { 0x0a, 0x08, 0x02, 0x12, 0x00, 0x00, 0xac, 0xe9, 0x00, 0x00 }, .description = "Lens group", .out_spells = { /* spell #836 */
        { 0x1e, 0x1c, 0x07, 0x03, 0x95, 0x1d, 0x94, 0x2e, 0x89, 0x88, 0x21, 0x02, 0x06, 0x3e, 0x0c, 0x00, 0xbe, 0x07, 0x30, 0x55, 0x00, 0x00, 0x00, 0x00, 0x00, 0x00, 0x00, 0x64, 0x00, 0x00 },/* reply #836.1 */
        { 0x06, 0x05, 0x02, 0x05, 0x01, 0x00 },                 /* reply #836.2, PROP_CFN_1 */
        { 0x1c, 0x1b, 0x02, 0x04, 0x55, 0x03, 0x00, 0x00, 0x00, 0x5d, 0x00, 0x4c, 0x50, 0x2d, 0x45, 0x36, 0x00, 0x00, 0x00, 0x00, 0x00, 0x01, 0x00, 0x74, 0xb5, 0xf5, 0x0d, 0x00 },/* reply #836.3, PROP_CFN */
        { 0 } } },
    { { 0x06, 0x05, 0x09, 0x00, 0x02, 0x00 }, .description = "PROP_LV_LENS", .out_spells = { /* spell #837 */
        { 0 } } },
    { { 0x18, 0x17, 0x06, 0x00, 0x10, 0x40, 0x04, 0x02, 0x0a, 0x70, 0x00, 0x00, 0x0a, 0x70, 0x00, 0x1d, 0x3b, 0x00, 0x00, 0x01, 0x2c, 0x00, 0x00, 0x00 }, {/* spell #838 */
        { 0x06, 0x04, 0x02, 0x06, 0x00, 0x00 },                 /* reply #838.1, PROP_CFN_2 */
        { 0 } } },
    { { 0x06, 0x05, 0x09, 0x00, 0x00, 0x00 }, .description = "PROP_LV_LENS", .out_spells = { /* spell #839 */
        { 0x06, 0x05, 0x03, 0x06, 0x00, 0x00 },                 /* reply #839.1, PROP_AVAIL_SHOT */
        { 0 } } },
    { { 0x06, 0x05, 0x07, 0x01, 0x00, 0x00 }, {                 /* spell #840 */
        { 0 } } },
    { { 0x0a, 0x08, 0x06, 0x00, 0x01, 0x00, 0x03, 0x04, 0x00, 0x00 }, {/* spell #841 */
        { 0 } } },
    { { 0x14, 0x13, 0x06, 0x00, 0x40, 0x02, 0x01, 0x01, 0x00, 0x00, 0x00, 0x00, 0x00, 0x01, 0x01, 0x00, 0x00, 0x20, 0x00, 0x00 }, {/* spell #842 */
        { 0x06, 0x05, 0x03, 0x05, 0x00, 0x00 },                 /* reply #842.1, PROP_POWER_LEVEL */
        { 0 } } },
    { { 0x18, 0x17, 0x06, 0x00, 0x10, 0x40, 0x04, 0x02, 0x0a, 0x71, 0x00, 0x00, 0x0a, 0x71, 0x00, 0x1d, 0x3b, 0x00, 0x00, 0x01, 0x2c, 0x00, 0x00, 0x00 }, {/* spell #843 */
        { 0 } } },
    { { 0x18, 0x17, 0x06, 0x00, 0x10, 0x40, 0x04, 0x02, 0x0a, 0x72, 0x00, 0x00, 0x0a, 0x72, 0x00, 0x1d, 0x3b, 0x00, 0x00, 0x01, 0x2c, 0x00, 0x00, 0x00 }, {/* spell #844 */
     // { 0x06, 0x05, 0x03, 0x0c, 0x01, 0x00 },                 /* reply #844.1, PROP_CARD1_RECORD, delayed by 395 ms, likely external input */
        { 0 } } },
    { { 0x1c, 0x1b, 0x06, 0x00, 0x49, 0x02, 0x01, 0x04, 0x01, 0x01, 0x00, 0x00, 0x6d, 0x28, 0x01, 0x01, 0x03, 0x00, 0x00, 0x00, 0x00, 0x01, 0x01, 0x00, 0x00, 0x40, 0x00, 0x00 }, {/* spell #845 */
        { 0x06, 0x05, 0x03, 0x0c, 0x00, 0x00 },                 /* reply #845.1, PROP_CARD1_RECORD */
        { 0 } } },
    { { 0x0c, 0x0a, 0x06, 0x00, 0x10, 0x00, 0x04, 0x01, 0x0a, 0x72, 0x00, 0x00 }, {/* spell #846 */
        { 0 } } },
    { { 0x0c, 0x0b, 0x0c, 0x00, 0x00, 0x00, 0x02, 0x37, 0x01, 0x00, 0x01, 0x00 }, {/* spell #847 */
        { 0 } } },
    { { 0x0c, 0x0b, 0x0c, 0x00, 0x00, 0x00, 0x00, 0x00, 0x01, 0x00, 0x02, 0x00 }, {/* spell #848 */
        { 0 } } },
    { { 0x40, 0x3e, 0x06, 0x00, 0x00, 0x20, 0x03, 0x00, 0x08, 0x00, 0x01, 0x04, 0x00, 0x00, 0x03, 0x81, 0x00, 0x00, 0x00, 0x01, 0x01, 0x02, 0x00, 0x00, 0x00, 0x00, 0x00, 0x00, 0x00, 0x00, 0x00, 0x00, 0x00, 0x01, 0x00, 0x03, 0x03, 0x00, 0x0b, 0xb5, 0x02, 0x00, 0x00, 0x00, 0x00, 0x03, 0x00, 0x00, 0x02, 0x01, 0x02, 0x03, 0x04, 0x05, 0x00, 0x02, 0x02, 0x02, 0x00, 0x03, 0x00, 0x00, 0x00, 0x00 }, {/* spell #849 */
        { 0x06, 0x05, 0x03, 0x0c, 0x01, 0x00 },                 /* reply #849.1, PROP_CARD1_RECORD */
        { 0 } } },
    { { 0x0c, 0x0b, 0x0c, 0x00, 0x00, 0x00, 0x02, 0x37, 0x01, 0x00, 0x01, 0x00 }, {/* spell #850 */
        { 0x06, 0x05, 0x03, 0x0c, 0x00, 0x00 },                 /* reply #850.1, PROP_CARD1_RECORD */
        { 0 } } },
    { { 0x0c, 0x0b, 0x0c, 0x00, 0x00, 0x00, 0x00, 0x00, 0x01, 0x00, 0x02, 0x00 }, {/* spell #851 */
        { 0 } } },
    { { 0x0c, 0x0b, 0x0c, 0x00, 0x00, 0x00, 0x02, 0x37, 0x01, 0x00, 0x01, 0x00 }, {/* spell #852 */
        { 0 } } },
    { { 0x40, 0x3e, 0x06, 0x00, 0x00, 0x20, 0x03, 0x00, 0x08, 0x00, 0x01, 0x00, 0x00, 0x00, 0x03, 0x81, 0x00, 0x00, 0x00, 0x01, 0x01, 0x02, 0x00, 0x00, 0x00, 0x00, 0x00, 0x00, 0x00, 0x00, 0x00, 0x00, 0x00, 0x01, 0x00, 0x03, 0x03, 0x00, 0x0b, 0xb5, 0x02, 0x00, 0x00, 0x00, 0x00, 0x03, 0x00, 0x00, 0x02, 0x01, 0x02, 0x03, 0x04, 0x05, 0x00, 0x02, 0x02, 0x02, 0x00, 0x03, 0x00, 0x00, 0x00, 0x00 }, {/* spell #853 */
        { 0x06, 0x05, 0x03, 0x19, 0xff, 0x00 },                 /* reply #853.1, PROP_TFT_STATUS */
        { 0 } } },
    { { 0x0c, 0x0b, 0x0c, 0x00, 0x00, 0x00, 0x00, 0x00, 0x01, 0x00, 0x02, 0x00 }, {/* spell #854 */
        { 0 } } },
    { { 0x1c, 0x1b, 0x06, 0x00, 0x49, 0x02, 0x02, 0x04, 0x01, 0x01, 0x00, 0x60, 0x6d, 0x28, 0x01, 0x01, 0x00, 0x00, 0x00, 0x00, 0x00, 0x01, 0x01, 0x00, 0x00, 0x20, 0x00, 0x00 }, {/* spell #855 */
        { 0 } } },
    { { 0x40, 0x3e, 0x06, 0x00, 0x00, 0x20, 0x03, 0x00, 0x0b, 0x00, 0x01, 0x00, 0x00, 0x00, 0x03, 0x81, 0x00, 0x00, 0x00, 0x01, 0x01, 0x02, 0x00, 0x00, 0x00, 0x00, 0x00, 0x00, 0x00, 0x00, 0x00, 0x00, 0x00, 0x01, 0x00, 0x03, 0x03, 0x00, 0x0b, 0xb5, 0x02, 0x00, 0x00, 0x00, 0x00, 0x03, 0x00, 0x00, 0x02, 0x01, 0x02, 0x03, 0x04, 0x05, 0x00, 0x02, 0x02, 0x02, 0x00, 0x03, 0x00, 0x00, 0x00, 0x00 }, {/* spell #856 */
        { 0x06, 0x05, 0x03, 0x05, 0x01, 0x00 },                 /* reply #856.1, PROP_POWER_LEVEL */
        { 0 } } },
    { { 0x0c, 0x0b, 0x0c, 0x00, 0x00, 0x00, 0x02, 0x37, 0x01, 0x00, 0x01, 0x00 }, {/* spell #857 */
        { 0 } } },
    { { 0x0a, 0x08, 0x06, 0x00, 0x01, 0x00, 0x03, 0x04, 0x00, 0x00 }, {/* spell #858 */
        { 0x06, 0x05, 0x03, 0x05, 0x00, 0x00 },                 /* reply #858.1, PROP_POWER_LEVEL */
        { 0 } } },
    { { 0x0c, 0x0b, 0x0c, 0x00, 0x00, 0x00, 0x00, 0x00, 0x01, 0x00, 0x02, 0x00 }, {/* spell #859 */
        { 0 } } },
    { { 0x0a, 0x08, 0x06, 0x00, 0x01, 0x00, 0x02, 0x04, 0x00, 0x00 }, {/* spell #860 */
        { 0x06, 0x05, 0x03, 0x05, 0x01, 0x00 },                 /* reply #860.1, PROP_POWER_LEVEL */
        { 0 } } },
    { { 0x0c, 0x0b, 0x0c, 0x00, 0x00, 0x00, 0x02, 0x37, 0x01, 0x00, 0x01, 0x00 }, {/* spell #861 */
        { 0 } } },
    { { 0x0a, 0x08, 0x06, 0x00, 0x01, 0x00, 0x03, 0x04, 0x00, 0x00 }, {/* spell #862 */
        { 0x06, 0x05, 0x03, 0x05, 0x00, 0x00 },                 /* reply #862.1, PROP_POWER_LEVEL */
        { 0 } } },
    { { 0x0c, 0x0b, 0x0c, 0x00, 0x00, 0x00, 0x00, 0x00, 0x01, 0x00, 0x02, 0x00 }, {/* spell #863 */
        { 0 } } },
    { { 0x0a, 0x08, 0x06, 0x00, 0x01, 0x00, 0x02, 0x04, 0x00, 0x00 }, {/* spell #864 */
        { 0x06, 0x05, 0x03, 0x05, 0x01, 0x00 },                 /* reply #864.1, PROP_POWER_LEVEL */
        { 0 } } },
    { { 0x0c, 0x0b, 0x0c, 0x00, 0x00, 0x00, 0x02, 0x37, 0x01, 0x00, 0x01, 0x00 }, {/* spell #865 */
        { 0 } } },
    { { 0x0a, 0x08, 0x06, 0x00, 0x01, 0x00, 0x03, 0x04, 0x00, 0x00 }, {/* spell #866 */
        { 0x06, 0x05, 0x03, 0x05, 0x00, 0x00 },                 /* reply #866.1, PROP_POWER_LEVEL */
        { 0 } } },
    { { 0x0c, 0x0b, 0x0c, 0x00, 0x00, 0x00, 0x00, 0x00, 0x01, 0x00, 0x02, 0x00 }, {/* spell #867 */
        { 0 } } },
    { { 0x20, 0x1f, 0x06, 0x00, 0x59, 0x02, 0x15, 0x04, 0x01, 0x01, 0x00, 0x00, 0x6d, 0x28, 0x04, 0x00, 0x00, 0x00, 0x01, 0x01, 0x03, 0x00, 0x00, 0x00, 0x00, 0x01, 0x00, 0x00, 0x00, 0x00, 0x00, 0x00 }, {/* spell #868 */
        { 0x06, 0x05, 0x03, 0x0d, 0x01, 0x00 },                 /* reply #868.1, PROP_CARD2_RECORD */
        { 0 } } },
    { { 0x0c, 0x0b, 0x0c, 0x00, 0x00, 0x00, 0x02, 0x37, 0x01, 0x00, 0x01, 0x00 }, {/* spell #869 */
        { 0x06, 0x05, 0x03, 0x0d, 0x00, 0x00 },                 /* reply #869.1, PROP_CARD2_RECORD */
        { 0 } } },
    { { 0x0c, 0x0b, 0x0c, 0x00, 0x00, 0x00, 0x00, 0x00, 0x01, 0x00, 0x02, 0x00 }, {/* spell #870 */
        { 0x06, 0x05, 0x03, 0x16, 0x01, 0x00 },                 /* reply #870.1, PROP_BATTERY_CHECK */
        { 0 } } },
    { { 0x0c, 0x0b, 0x0c, 0x00, 0x00, 0x00, 0x02, 0x37, 0x01, 0x00, 0x01, 0x00 }, {/* spell #871 */
        { 0x06, 0x05, 0x03, 0x16, 0x00, 0x00 },                 /* reply #871.1, PROP_BATTERY_CHECK */
        { 0 } } },
    { { 0x0c, 0x0b, 0x0c, 0x00, 0x00, 0x00, 0x00, 0x00, 0x01, 0x00, 0x02, 0x00 }, {/* spell #872 */
        { 0x06, 0x05, 0x03, 0x16, 0x01, 0x00 },                 /* reply #872.1, PROP_BATTERY_CHECK */
        { 0 } } },
    { { 0x0c, 0x0b, 0x0c, 0x00, 0x00, 0x00, 0x02, 0x37, 0x01, 0x00, 0x01, 0x00 }, {/* spell #873 */
        { 0x06, 0x05, 0x03, 0x16, 0x00, 0x00 },                 /* reply #873.1, PROP_BATTERY_CHECK */
        { 0 } } },
    { { 0x0c, 0x0b, 0x0c, 0x00, 0x00, 0x00, 0x00, 0x00, 0x01, 0x00, 0x02, 0x00 }, {/* spell #874 */
        { 0x06, 0x05, 0x03, 0x16, 0x01, 0x00 },                 /* reply #874.1, PROP_BATTERY_CHECK */
        { 0 } } },
    { { 0x0c, 0x0b, 0x0c, 0x00, 0x00, 0x00, 0x02, 0x37, 0x01, 0x00, 0x01, 0x00 }, {/* spell #875 */
        { 0x06, 0x05, 0x03, 0x16, 0x00, 0x00 },                 /* reply #875.1, PROP_BATTERY_CHECK */
        { 0 } } },
    { { 0x0c, 0x0b, 0x0c, 0x00, 0x00, 0x00, 0x00, 0x00, 0x01, 0x00, 0x02, 0x00 }, {/* spell #876 */
        { 0x06, 0x05, 0x03, 0x16, 0x01, 0x00 },                 /* reply #876.1, PROP_BATTERY_CHECK */
        { 0 } } },
    { { 0x0c, 0x0b, 0x0c, 0x00, 0x00, 0x00, 0x02, 0x37, 0x01, 0x00, 0x01, 0x00 }, {/* spell #877 */
        { 0x06, 0x05, 0x03, 0x16, 0x00, 0x00 },                 /* reply #877.1, PROP_BATTERY_CHECK */
        { 0 } } },
    { { 0x0c, 0x0b, 0x0c, 0x00, 0x00, 0x00, 0x00, 0x00, 0x01, 0x00, 0x02, 0x00 }, {/* spell #878 */
        { 0x06, 0x05, 0x03, 0x16, 0x01, 0x00 },                 /* reply #878.1, PROP_BATTERY_CHECK */
        { 0 } } },
    { { 0x0c, 0x0b, 0x0c, 0x00, 0x00, 0x00, 0x02, 0x37, 0x01, 0x00, 0x01, 0x00 }, {/* spell #879 */
        { 0x06, 0x05, 0x03, 0x16, 0x00, 0x00 },                 /* reply #879.1, PROP_BATTERY_CHECK */
        { 0 } } },
    { { 0x0c, 0x0b, 0x0c, 0x00, 0x00, 0x00, 0x00, 0x00, 0x01, 0x00, 0x02, 0x00 }, {/* spell #880 */
        { 0x06, 0x05, 0x03, 0x16, 0x01, 0x00 },                 /* reply #880.1, PROP_BATTERY_CHECK */
        { 0 } } },
    { { 0x0c, 0x0b, 0x0c, 0x00, 0x00, 0x00, 0x02, 0x37, 0x01, 0x00, 0x01, 0x00 }, {/* spell #881 */
        { 0x06, 0x05, 0x03, 0x16, 0x00, 0x00 },                 /* reply #881.1, PROP_BATTERY_CHECK */
        { 0 } } },
    { { 0x0c, 0x0b, 0x0c, 0x00, 0x00, 0x00, 0x00, 0x00, 0x01, 0x00, 0x02, 0x00 }, {/* spell #882 */
        { 0x06, 0x05, 0x03, 0x16, 0x01, 0x00 },                 /* reply #882.1, PROP_BATTERY_CHECK */
        { 0 } } },
    { { 0x0c, 0x0b, 0x0c, 0x00, 0x00, 0x00, 0x02, 0x37, 0x01, 0x00, 0x01, 0x00 }, {/* spell #883 */
        { 0x06, 0x05, 0x03, 0x16, 0x00, 0x00 },                 /* reply #883.1, PROP_BATTERY_CHECK */
        { 0 } } },
    { { 0x0c, 0x0b, 0x0c, 0x00, 0x00, 0x00, 0x00, 0x00, 0x01, 0x00, 0x02, 0x00 }, {/* spell #884 */
        { 0x06, 0x05, 0x03, 0x16, 0x01, 0x00 },                 /* reply #884.1, PROP_BATTERY_CHECK */
        { 0 } } },
    { { 0x0c, 0x0b, 0x0c, 0x00, 0x00, 0x00, 0x02, 0x37, 0x01, 0x00, 0x01, 0x00 }, {/* spell #885 */
        { 0x06, 0x05, 0x03, 0x16, 0x00, 0x00 },                 /* reply #885.1, PROP_BATTERY_CHECK */
        { 0 } } },
    { { 0x0c, 0x0b, 0x0c, 0x00, 0x00, 0x00, 0x00, 0x00, 0x01, 0x00, 0x02, 0x00 }, {/* spell #886 */
        { 0x06, 0x05, 0x03, 0x16, 0x01, 0x00 },                 /* reply #886.1, PROP_BATTERY_CHECK */
        { 0 } } },
    { { 0x0c, 0x0b, 0x0c, 0x00, 0x00, 0x00, 0x02, 0x37, 0x01, 0x00, 0x01, 0x00 }, {/* spell #887 */
        { 0x06, 0x05, 0x03, 0x16, 0x00, 0x00 },                 /* reply #887.1, PROP_BATTERY_CHECK */
        { 0 } } },
    { { 0x0c, 0x0b, 0x0c, 0x00, 0x00, 0x00, 0x00, 0x00, 0x01, 0x00, 0x02, 0x00 }, {/* spell #888 */
        { 0x06, 0x05, 0x03, 0x16, 0x01, 0x00 },                 /* reply #888.1, PROP_BATTERY_CHECK */
        { 0 } } },
    { { 0x0c, 0x0b, 0x0c, 0x00, 0x00, 0x00, 0x02, 0x37, 0x01, 0x00, 0x01, 0x00 }, {/* spell #889 */
        { 0x06, 0x05, 0x03, 0x16, 0x00, 0x00 },                 /* reply #889.1, PROP_BATTERY_CHECK */
        { 0 } } },
    { { 0x0c, 0x0b, 0x0c, 0x00, 0x00, 0x00, 0x00, 0x00, 0x01, 0x00, 0x02, 0x00 }, {/* spell #890 */
        { 0 } } },
    { { 0x12, 0x11, 0x06, 0x00, 0x11, 0x02, 0x01, 0x04, 0x04, 0x01, 0x0a, 0x72, 0x01, 0x00, 0x00, 0x40, 0x00, 0x00 }, {/* spell #891 */
        { 0x06, 0x05, 0x03, 0x0d, 0x01, 0x00 },                 /* reply #891.1, PROP_CARD2_RECORD */
        { 0 } } },
    { { 0x0c, 0x0b, 0x0c, 0x00, 0x00, 0x00, 0x02, 0x37, 0x01, 0x00, 0x01, 0x00 }, {/* spell #892 */
        { 0x06, 0x05, 0x03, 0x0d, 0x00, 0x00 },                 /* reply #892.1, PROP_CARD2_RECORD */
        { 0 } } },
    { { 0x0c, 0x0b, 0x0c, 0x00, 0x00, 0x00, 0x00, 0x00, 0x01, 0x00, 0x02, 0x00 }, {/* spell #893 */
        { 0 } } },
    { { 0x12, 0x11, 0x06, 0x00, 0x11, 0x02, 0x15, 0x04, 0x04, 0x00, 0x00, 0x00, 0x00, 0x00, 0x00, 0x00, 0x00, 0x00 }, {/* spell #894 */
        { 0x06, 0x05, 0x03, 0x0d, 0x01, 0x00 },                 /* reply #894.1, PROP_CARD2_RECORD */
        { 0 } } },
    { { 0x0c, 0x0b, 0x0c, 0x00, 0x00, 0x00, 0x02, 0x37, 0x01, 0x00, 0x01, 0x00 }, {/* spell #895 */
        { 0x06, 0x05, 0x03, 0x0d, 0x00, 0x00 },                 /* reply #895.1, PROP_CARD2_RECORD */
        { 0 } } },
    { { 0x0c, 0x0b, 0x0c, 0x00, 0x00, 0x00, 0x00, 0x00, 0x01, 0x00, 0x02, 0x00 }, {/* spell #896 */
        { 0 } } },
    { { 0x40, 0x3e, 0x06, 0x00, 0x00, 0x20, 0x03, 0x00, 0x0b, 0x01, 0x01, 0x00, 0x00, 0x00, 0x03, 0x81, 0x00, 0x00, 0x00, 0x01, 0x01, 0x02, 0x00, 0x00, 0x00, 0x00, 0x00, 0x00, 0x00, 0x00, 0x00, 0x00, 0x00, 0x01, 0x00, 0x03, 0x03, 0x00, 0x0b, 0xb5, 0x02, 0x00, 0x00, 0x00, 0x00, 0x03, 0x00, 0x00, 0x02, 0x01, 0x02, 0x03, 0x04, 0x05, 0x00, 0x02, 0x02, 0x02, 0x00, 0x03, 0x00, 0x00, 0x00, 0x00 }, {/* spell #897 */
        { 0x06, 0x05, 0x03, 0x17, 0x01, 0x00 },                 /* reply #897.1, PROP_EFIC_TEMP */
        { 0 } } },
    { { 0x0c, 0x0b, 0x0c, 0x00, 0x00, 0x00, 0x02, 0x37, 0x01, 0x00, 0x01, 0x00 }, {/* spell #898 */
        { 0x06, 0x05, 0x03, 0x17, 0x00, 0x00 },                 /* reply #898.1, PROP_EFIC_TEMP */
        { 0 } } },
    { { 0x0c, 0x0b, 0x0c, 0x00, 0x00, 0x00, 0x00, 0x00, 0x01, 0x00, 0x02, 0x00 }, {/* spell #899 */
        { 0 } } },
    { { 0x12, 0x11, 0x06, 0x00, 0x11, 0x02, 0x01, 0x04, 0x04, 0x01, 0x0a, 0x72, 0x01, 0x00, 0x00, 0x40, 0x00, 0x00 }, {/* spell #900 */
        { 0x06, 0x05, 0x03, 0x0d, 0x01, 0x00 },                 /* reply #900.1, PROP_CARD2_RECORD */
        { 0 } } },
    { { 0x0c, 0x0b, 0x0c, 0x00, 0x00, 0x00, 0x02, 0x37, 0x01, 0x00, 0x01, 0x00 }, {/* spell #901 */
        { 0x06, 0x05, 0x03, 0x0d, 0x00, 0x00 },                 /* reply #901.1, PROP_CARD2_RECORD */
        { 0x0a, 0x08, 0x07, 0x00, 0x02, 0x1f, 0x1c, 0xf2, 0x00, 0x00 },/* reply #901.2 */
        { 0x1e, 0x1c, 0x07, 0x03, 0x96, 0x15, 0x94, 0x2e, 0x89, 0x87, 0x21, 0x02, 0x06, 0x3e, 0x0c, 0x00, 0xbe, 0x07, 0x30, 0x55, 0x00, 0x00, 0x00, 0x00, 0x00, 0x00, 0x00, 0x64, 0x00, 0x00 },/* reply #901.3 */
        { 0 } } },
    { { 0x0c, 0x0b, 0x0c, 0x00, 0x00, 0x00, 0x00, 0x00, 0x01, 0x00, 0x02, 0x00 }, {/* spell #902 */
        { 0 } } },
    { { 0x1c, 0x1b, 0x06, 0x00, 0x49, 0x02, 0x02, 0x04, 0x01, 0x01, 0x00, 0x60, 0x6d, 0x28, 0x01, 0x01, 0x00, 0x00, 0x00, 0x00, 0x00, 0x01, 0x01, 0x00, 0x00, 0x20, 0x00, 0x00 }, {/* spell #903 */
        { 0x06, 0x05, 0x03, 0x05, 0x01, 0x00 },                 /* reply #903.1, PROP_POWER_LEVEL */
        { 0 } } },
    { { 0x0c, 0x0b, 0x0c, 0x00, 0x00, 0x00, 0x02, 0x37, 0x01, 0x00, 0x01, 0x00 }, {/* spell #904 */
        { 0 } } },
    { { 0x16, 0x15, 0x06, 0x00, 0x41, 0x02, 0x03, 0x04, 0x01, 0x01, 0x03, 0x00, 0x00, 0x00, 0x00, 0x01, 0x01, 0x00, 0x00, 0x40, 0x00, 0x00 }, {/* spell #905 */
        { 0x06, 0x05, 0x03, 0x05, 0x00, 0x00 },                 /* reply #905.1, PROP_POWER_LEVEL */
        { 0 } } },
    { { 0x0c, 0x0b, 0x0c, 0x00, 0x00, 0x00, 0x00, 0x00, 0x01, 0x00, 0x02, 0x00 }, {/* spell #906 */
        { 0 } } },
    { { 0x16, 0x15, 0x06, 0x00, 0x41, 0x02, 0x02, 0x04, 0x01, 0x01, 0x00, 0x00, 0x00, 0x00, 0x00, 0x01, 0x01, 0x00, 0x00, 0x20, 0x00, 0x00 }, {/* spell #907 */
        { 0x06, 0x05, 0x03, 0x05, 0x01, 0x00 },                 /* reply #907.1, PROP_POWER_LEVEL */
        { 0 } } },
    { { 0x14, 0x13, 0x06, 0x00, 0x40, 0x02, 0x01, 0x01, 0x03, 0x00, 0x00, 0x00, 0x00, 0x01, 0x01, 0x00, 0x00, 0x40, 0x00, 0x00 }, {/* spell #908 */
        { 0 } } },
    { { 0x06, 0x05, 0x07, 0x06, 0x12, 0x00 }, {                 /* spell #909 */
        { 0x06, 0x05, 0x03, 0x06, 0x01, 0x00 },                 /* reply #909.1, PROP_AVAIL_SHOT */
        { 0x06, 0x05, 0x07, 0x06, 0x00, 0x00 },                 /* reply #909.2 */
        { 0 } } },
    { { 0x06, 0x05, 0x07, 0x01, 0x01, 0x00 }, {                 /* spell #910 */
        { 0x0a, 0x08, 0x07, 0x00, 0x02, 0x1f, 0x1c, 0xff, 0x00, 0x00 },/* reply #910.1 */
        { 0 } } },
    { { 0x06, 0x05, 0x09, 0x00, 0x01, 0x00 }, .description = "PROP_LV_LENS", .out_spells = { /* spell #911 */
        { 0 } } },
    { { 0x1a, 0x19, 0x06, 0x00, 0x11, 0x40, 0x04, 0x04, 0x04, 0x02, 0x0a, 0x71, 0x00, 0x00, 0x0a, 0x71, 0x00, 0x1d, 0x3b, 0x00, 0x00, 0x01, 0x2c, 0x00, 0x00, 0x00 }, {/* spell #912 */
        { 0 } } },
    { { 0x06, 0x05, 0x07, 0x06, 0x0c, 0x00 }, {                 /* spell #913 */
        { 0x1e, 0x1c, 0x07, 0x03, 0x96, 0x13, 0x94, 0x2e, 0x89, 0x87, 0x21, 0x02, 0x06, 0x39, 0x0c, 0x00, 0xbe, 0x07, 0x30, 0x55, 0x00, 0x00, 0x00, 0x00, 0x00, 0x00, 0x00, 0x64, 0x00, 0x00 },/* reply #913.1 */
        { 0x06, 0x05, 0x07, 0x06, 0x00, 0x00 },                 /* reply #913.2 */
        { 0x0a, 0x08, 0x07, 0x00, 0x02, 0x1f, 0x1c, 0xf2, 0x00, 0x00 },/* reply #913.3 */
        { 0 } } },
    { { 0x0a, 0x08, 0x02, 0x12, 0x00, 0x00, 0xac, 0xea, 0x00, 0x00 }, .description = "Lens group", .out_spells = { /* spell #914 */
        { 0x1e, 0x1c, 0x07, 0x03, 0x96, 0x18, 0x94, 0x2e, 0x89, 0x87, 0x21, 0x02, 0x06, 0x39, 0x0c, 0x00, 0xbe, 0x07, 0x30, 0x55, 0x00, 0x00, 0x00, 0x00, 0x00, 0x00, 0x00, 0x64, 0x00, 0x00 },/* reply #914.1 */
        { 0x06, 0x05, 0x02, 0x05, 0x01, 0x00 },                 /* reply #914.2, PROP_CFN_1 */
        { 0x1c, 0x1b, 0x02, 0x04, 0x55, 0x03, 0x00, 0x00, 0x00, 0x5e, 0x00, 0x4c, 0x50, 0x2d, 0x45, 0x36, 0x00, 0x00, 0x00, 0x00, 0x00, 0x01, 0x00, 0x74, 0xb5, 0xf5, 0x0d, 0x00 },/* reply #914.3, PROP_CFN */
        { 0 } } },
    { { 0x06, 0x05, 0x09, 0x00, 0x02, 0x00 }, .description = "PROP_LV_LENS", .out_spells = { /* spell #915 */
        { 0 } } },
    { { 0x06, 0x05, 0x09, 0x00, 0x00, 0x00 }, .description = "PROP_LV_LENS", .out_spells = { /* spell #916 */
        { 0 } } },
    { { 0x06, 0x05, 0x07, 0x01, 0x00, 0x00 }, {                 /* spell #917 */
        { 0 } } },
    { { 0x0a, 0x08, 0x06, 0x00, 0x01, 0x00, 0x02, 0x04, 0x00, 0x00 }, {/* spell #918 */
        { 0x06, 0x04, 0x02, 0x06, 0x00, 0x00 },                 /* reply #918.1, PROP_CFN_2 */
     // { 0x06, 0x05, 0x03, 0x06, 0x00, 0x00 },                 /* reply #918.2, PROP_AVAIL_SHOT, delayed by 983 ms, likely external input */
        { 0 } } },
    { { 0x06, 0x05, 0x07, 0x06, 0x12, 0x00 }, {                 /* spell #919 */
        { 0x06, 0x05, 0x03, 0x06, 0x01, 0x00 },                 /* reply #919.1, PROP_AVAIL_SHOT */
        { 0 } } },
    { { 0x06, 0x05, 0x07, 0x01, 0x01, 0x00 }, {                 /* spell #920 */
        { 0x06, 0x05, 0x07, 0x06, 0x00, 0x00 },                 /* reply #920.1 */
        { 0x0a, 0x08, 0x07, 0x00, 0x02, 0x1f, 0x1c, 0xf2, 0x00, 0x00 },/* reply #920.2 */
        { 0 } } },
    { { 0x06, 0x05, 0x09, 0x00, 0x01, 0x00 }, .description = "PROP_LV_LENS", .out_spells = { /* spell #921 */
        { 0x1e, 0x1c, 0x07, 0x03, 0x96, 0x16, 0x94, 0x2e, 0x89, 0x87, 0x21, 0x02, 0x06, 0x39, 0x0c, 0x00, 0xbe, 0x07, 0x30, 0x55, 0x00, 0x00, 0x00, 0x00, 0x00, 0x00, 0x00, 0x64, 0x00, 0x00 },/* reply #921.1 */
        { 0 } } },
    { { 0x1a, 0x19, 0x06, 0x00, 0x11, 0x40, 0x04, 0x04, 0x04, 0x02, 0x0a, 0x70, 0x00, 0x00, 0x0a, 0x70, 0x00, 0x1d, 0x3b, 0x00, 0x00, 0x01, 0x2c, 0x00, 0x00, 0x00 }, {/* spell #922 */
        { 0 } } },
    { { 0x06, 0x05, 0x07, 0x06, 0x0c, 0x00 }, {                 /* spell #923 */
        { 0x06, 0x05, 0x07, 0x06, 0x00, 0x00 },                 /* reply #923.1 */
        { 0x0a, 0x08, 0x07, 0x00, 0x02, 0x1f, 0x1c, 0xf2, 0x00, 0x00 },/* reply #923.2 */
        { 0 } } },
    { { 0x0a, 0x08, 0x02, 0x12, 0x00, 0x00, 0xac, 0xeb, 0x00, 0x00 }, .description = "Lens group", .out_spells = { /* spell #924 */
        { 0x1e, 0x1c, 0x07, 0x03, 0x95, 0x1b, 0x94, 0x2e, 0x89, 0x87, 0x21, 0x02, 0x06, 0x38, 0x0c, 0x00, 0xbe, 0x07, 0x30, 0x55, 0x00, 0x00, 0x00, 0x00, 0x00, 0x00, 0x00, 0x64, 0x00, 0x00 },/* reply #924.1 */
        { 0x06, 0x05, 0x02, 0x05, 0x01, 0x00 },                 /* reply #924.2, PROP_CFN_1 */
        { 0x1c, 0x1b, 0x02, 0x04, 0x55, 0x03, 0x00, 0x00, 0x00, 0x5f, 0x00, 0x4c, 0x50, 0x2d, 0x45, 0x36, 0x00, 0x00, 0x00, 0x00, 0x00, 0x01, 0x00, 0x74, 0xb5, 0xf5, 0x0d, 0x00 },/* reply #924.3, PROP_CFN */
        { 0 } } },
    { { 0x06, 0x05, 0x09, 0x00, 0x02, 0x00 }, .description = "PROP_LV_LENS", .out_spells = { /* spell #925 */
        { 0 } } },
    { { 0x06, 0x05, 0x09, 0x00, 0x00, 0x00 }, .description = "PROP_LV_LENS", .out_spells = { /* spell #926 */
        { 0 } } },
    { { 0x06, 0x05, 0x07, 0x01, 0x00, 0x00 }, {                 /* spell #927 */
        { 0 } } },
    { { 0x0a, 0x08, 0x06, 0x00, 0x01, 0x00, 0x02, 0x04, 0x00, 0x00 }, {/* spell #928 */
        { 0x06, 0x04, 0x02, 0x06, 0x00, 0x00 },                 /* reply #928.1, PROP_CFN_2 */
     // { 0x06, 0x05, 0x03, 0x06, 0x00, 0x00 },                 /* reply #928.2, PROP_AVAIL_SHOT, delayed by 597 ms, likely external input */
        { 0 } } },
    { { 0x06, 0x05, 0x07, 0x06, 0x12, 0x00 }, {                 /* spell #929 */
        { 0x06, 0x05, 0x03, 0x06, 0x01, 0x00 },                 /* reply #929.1, PROP_AVAIL_SHOT */
        { 0 } } },
    { { 0x06, 0x05, 0x07, 0x01, 0x01, 0x00 }, {                 /* spell #930 */
        { 0x06, 0x05, 0x07, 0x06, 0x00, 0x00 },                 /* reply #930.1 */
        { 0x0a, 0x08, 0x07, 0x00, 0x02, 0x1e, 0x1c, 0xe5, 0x00, 0x00 },/* reply #930.2 */
        { 0 } } },
    { { 0x06, 0x05, 0x09, 0x00, 0x01, 0x00 }, .description = "PROP_LV_LENS", .out_spells = { /* spell #931 */
        { 0 } } },
    { { 0x1a, 0x19, 0x06, 0x00, 0x11, 0x40, 0x04, 0x04, 0x04, 0x02, 0x0a, 0x6f, 0x00, 0x00, 0x0a, 0x6f, 0x00, 0x1d, 0x3b, 0x00, 0x00, 0x01, 0x2c, 0x00, 0x00, 0x00 }, {/* spell #932 */
        { 0 } } },
    { { 0x06, 0x05, 0x07, 0x06, 0x0c, 0x00 }, {                 /* spell #933 */
        { 0x1e, 0x1c, 0x07, 0x03, 0x96, 0x14, 0x94, 0x2e, 0x89, 0x87, 0x21, 0x02, 0x06, 0x38, 0x0c, 0x00, 0xbe, 0x07, 0x30, 0x55, 0x00, 0x00, 0x00, 0x00, 0x00, 0x00, 0x00, 0x64, 0x00, 0x00 },/* reply #933.1 */
        { 0x06, 0x05, 0x07, 0x06, 0x00, 0x00 },                 /* reply #933.2 */
        { 0x0a, 0x08, 0x07, 0x00, 0x02, 0x1f, 0x1c, 0xf2, 0x00, 0x00 },/* reply #933.3 */
        { 0 } } },
    { { 0x0a, 0x08, 0x02, 0x12, 0x00, 0x00, 0xac, 0xec, 0x00, 0x00 }, .description = "Lens group", .out_spells = { /* spell #934 */
        { 0x1e, 0x1c, 0x07, 0x03, 0x95, 0x1b, 0x94, 0x2e, 0x89, 0x87, 0x21, 0x02, 0x06, 0x38, 0x0c, 0x00, 0xbe, 0x07, 0x30, 0x55, 0x00, 0x00, 0x00, 0x00, 0x00, 0x00, 0x00, 0x64, 0x00, 0x00 },/* reply #934.1 */
        { 0x06, 0x05, 0x02, 0x05, 0x01, 0x00 },                 /* reply #934.2, PROP_CFN_1 */
        { 0x1c, 0x1b, 0x02, 0x04, 0x55, 0x03, 0x00, 0x00, 0x00, 0x60, 0x00, 0x4c, 0x50, 0x2d, 0x45, 0x36, 0x00, 0x00, 0x00, 0x00, 0x00, 0x01, 0x00, 0x74, 0xb5, 0xf5, 0x0d, 0x00 },/* reply #934.3, PROP_CFN */
        { 0 } } },
    { { 0x06, 0x05, 0x09, 0x00, 0x02, 0x00 }, .description = "PROP_LV_LENS", .out_spells = { /* spell #935 */
        { 0x06, 0x04, 0x02, 0x06, 0x00, 0x00 },                 /* reply #935.1, PROP_CFN_2 */
        { 0 } } },
    { { 0x06, 0x05, 0x09, 0x00, 0x00, 0x00 }, .description = "PROP_LV_LENS", .out_spells = { /* spell #936 */
        { 0 } } },
    { { 0x06, 0x05, 0x07, 0x01, 0x00, 0x00 }, {                 /* spell #937 */
        { 0 } } },
    { { 0x0a, 0x08, 0x06, 0x00, 0x01, 0x00, 0x02, 0x04, 0x00, 0x00 }, {/* spell #938 */
        { 0x06, 0x05, 0x03, 0x06, 0x00, 0x00 },                 /* reply #938.1, PROP_AVAIL_SHOT */
        { 0 } } },
    { { 0x0a, 0x08, 0x06, 0x00, 0x01, 0x00, 0x03, 0x04, 0x00, 0x00 }, {/* spell #939 */
        { 0x06, 0x05, 0x03, 0x05, 0x00, 0x00 },                 /* reply #939.1, PROP_POWER_LEVEL */
        { 0 } } },
    { { 0x18, 0x17, 0x06, 0x00, 0x10, 0x40, 0x04, 0x02, 0x0a, 0x70, 0x00, 0x00, 0x0a, 0x70, 0x00, 0x1d, 0x3b, 0x00, 0x00, 0x01, 0x2c, 0x00, 0x00, 0x00 }, {/* spell #940 */
        { 0 } } },
    { { 0x0c, 0x0a, 0x06, 0x00, 0x10, 0x00, 0x04, 0x01, 0x0a, 0x70, 0x00, 0x00 }, {/* spell #941 */
        { 0x06, 0x05, 0x03, 0x0d, 0x01, 0x00 },                 /* reply #941.1, PROP_CARD2_RECORD */
        { 0 } } },
    { { 0x10, 0x0e, 0x06, 0x00, 0x09, 0x00, 0x01, 0x04, 0x01, 0x01, 0x00, 0x00, 0x6d, 0x28, 0x00, 0x00 }, {/* spell #942 */
        { 0x06, 0x05, 0x03, 0x0d, 0x00, 0x00 },                 /* reply #942.1, PROP_CARD2_RECORD */
        { 0 } } },
    { { 0x0c, 0x0b, 0x0c, 0x00, 0x00, 0x00, 0x02, 0x37, 0x01, 0x00, 0x01, 0x00 }, {/* spell #943 */
        { 0 } } },
    { { 0x0c, 0x0b, 0x0c, 0x00, 0x00, 0x00, 0x00, 0x00, 0x01, 0x00, 0x02, 0x00 }, {/* spell #944 */
        { 0x06, 0x05, 0x03, 0x0d, 0x01, 0x00 },                 /* reply #944.1, PROP_CARD2_RECORD */
        { 0 } } },
    { { 0x0c, 0x0b, 0x0c, 0x00, 0x00, 0x00, 0x02, 0x37, 0x01, 0x00, 0x01, 0x00 }, {/* spell #945 */
        { 0x06, 0x05, 0x03, 0x0d, 0x00, 0x00 },                 /* reply #945.1, PROP_CARD2_RECORD */
        { 0 } } },
    { { 0x0c, 0x0b, 0x0c, 0x00, 0x00, 0x00, 0x00, 0x00, 0x01, 0x00, 0x02, 0x00 }, {/* spell #946 */
        { 0 } } },
    { { 0x12, 0x11, 0x06, 0x00, 0x11, 0x02, 0x15, 0x04, 0x04, 0x00, 0x00, 0x00, 0x00, 0x00, 0x00, 0x00, 0x00, 0x00 }, {/* spell #947 */
        { 0x06, 0x05, 0x03, 0x0d, 0x01, 0x00 },                 /* reply #947.1, PROP_CARD2_RECORD */
        { 0 } } },
    { { 0x0c, 0x0b, 0x0c, 0x00, 0x00, 0x00, 0x02, 0x37, 0x01, 0x00, 0x01, 0x00 }, {/* spell #948 */
        { 0x06, 0x05, 0x03, 0x0d, 0x00, 0x00 },                 /* reply #948.1, PROP_CARD2_RECORD */
        { 0 } } },
    { { 0x0c, 0x0b, 0x0c, 0x00, 0x00, 0x00, 0x00, 0x00, 0x01, 0x00, 0x02, 0x00 }, {/* spell #949 */
        { 0 } } },
    { { 0x40, 0x3e, 0x06, 0x00, 0x00, 0x20, 0x03, 0x00, 0x0b, 0x00, 0x01, 0x00, 0x00, 0x00, 0x03, 0x81, 0x00, 0x00, 0x00, 0x01, 0x01, 0x02, 0x00, 0x00, 0x00, 0x00, 0x00, 0x00, 0x00, 0x00, 0x00, 0x00, 0x00, 0x01, 0x00, 0x03, 0x03, 0x00, 0x0b, 0xb5, 0x02, 0x00, 0x00, 0x00, 0x00, 0x03, 0x00, 0x00, 0x02, 0x01, 0x02, 0x03, 0x04, 0x05, 0x00, 0x02, 0x02, 0x02, 0x00, 0x03, 0x00, 0x00, 0x00, 0x00 }, {/* spell #950 */
        { 0x06, 0x05, 0x03, 0x18, 0x01, 0x00 },                 /* reply #950.1, PROP 8003000F */
        { 0 } } },
    { { 0x0c, 0x0b, 0x0c, 0x00, 0x00, 0x00, 0x02, 0x37, 0x01, 0x00, 0x01, 0x00 }, {/* spell #951 */
        { 0x06, 0x05, 0x03, 0x18, 0x00, 0x00 },                 /* reply #951.1, PROP 8003000F */
        { 0 } } },
    { { 0x0c, 0x0b, 0x0c, 0x00, 0x00, 0x00, 0x00, 0x00, 0x01, 0x00, 0x02, 0x00 }, {/* spell #952 */
        { 0 } } },
    { { 0x12, 0x11, 0x06, 0x00, 0x11, 0x02, 0x01, 0x04, 0x04, 0x01, 0x0a, 0x70, 0x01, 0x00, 0x00, 0x40, 0x00, 0x00 }, {/* spell #953 */
        { 0x06, 0x05, 0x03, 0x0d, 0x01, 0x00 },                 /* reply #953.1, PROP_CARD2_RECORD */
        { 0 } } },
    { { 0x0c, 0x0b, 0x0c, 0x00, 0x00, 0x00, 0x02, 0x37, 0x01, 0x00, 0x01, 0x00 }, {/* spell #954 */
        { 0x06, 0x05, 0x03, 0x0d, 0x00, 0x00 },                 /* reply #954.1, PROP_CARD2_RECORD */
        { 0 } } },
    { { 0x0c, 0x0b, 0x0c, 0x00, 0x00, 0x00, 0x00, 0x00, 0x01, 0x00, 0x02, 0x00 }, {/* spell #955 */
        { 0 } } },
    { { 0x12, 0x11, 0x06, 0x00, 0x11, 0x02, 0x15, 0x04, 0x04, 0x00, 0x00, 0x00, 0x00, 0x00, 0x00, 0x00, 0x00, 0x00 }, {/* spell #956 */
        { 0x06, 0x05, 0x03, 0x0e, 0x01, 0x00 },                 /* reply #956.1, PROP_CARD3_RECORD */
        { 0 } } },
    { { 0x0c, 0x0b, 0x0c, 0x00, 0x00, 0x00, 0x02, 0x37, 0x01, 0x00, 0x01, 0x00 }, {/* spell #957 */
        { 0x06, 0x05, 0x03, 0x0e, 0x00, 0x00 },                 /* reply #957.1, PROP_CARD3_RECORD */
        { 0 } } },
    { { 0x0c, 0x0b, 0x0c, 0x00, 0x00, 0x00, 0x00, 0x00, 0x01, 0x00, 0x02, 0x00 }, {/* spell #958 */
        { 0x06, 0x05, 0x03, 0x0d, 0x01, 0x00 },                 /* reply #958.1, PROP_CARD2_RECORD */
        { 0 } } },
    { { 0x0c, 0x0b, 0x0c, 0x00, 0x00, 0x00, 0x02, 0x37, 0x01, 0x00, 0x01, 0x00 }, {/* spell #959 */
        { 0x06, 0x05, 0x03, 0x0d, 0x00, 0x00 },                 /* reply #959.1, PROP_CARD2_RECORD */
        { 0 } } },
    { { 0x0c, 0x0b, 0x0c, 0x00, 0x00, 0x00, 0x00, 0x00, 0x01, 0x00, 0x02, 0x00 }, {/* spell #960 */
        { 0x06, 0x05, 0x03, 0x16, 0x01, 0x00 },                 /* reply #960.1, PROP_BATTERY_CHECK */
        { 0 } } },
    { { 0x0c, 0x0b, 0x0c, 0x00, 0x00, 0x00, 0x02, 0x37, 0x01, 0x00, 0x01, 0x00 }, {/* spell #961 */
        { 0x06, 0x05, 0x03, 0x16, 0x00, 0x00 },                 /* reply #961.1, PROP_BATTERY_CHECK */
        { 0 } } },
    { { 0x0c, 0x0b, 0x0c, 0x00, 0x00, 0x00, 0x00, 0x00, 0x01, 0x00, 0x02, 0x00 }, {/* spell #962 */
        { 0 } } },
    { { 0x40, 0x3e, 0x06, 0x00, 0x00, 0x20, 0x03, 0x00, 0x0b, 0x03, 0x01, 0x00, 0x00, 0x00, 0x03, 0x81, 0x00, 0x00, 0x00, 0x01, 0x01, 0x02, 0x00, 0x00, 0x00, 0x00, 0x00, 0x00, 0x00, 0x00, 0x00, 0x00, 0x00, 0x01, 0x00, 0x03, 0x03, 0x00, 0x0b, 0xb5, 0x02, 0x00, 0x00, 0x00, 0x00, 0x03, 0x00, 0x00, 0x02, 0x01, 0x02, 0x03, 0x04, 0x05, 0x00, 0x02, 0x02, 0x02, 0x00, 0x03, 0x00, 0x00, 0x00, 0x00 }, {/* spell #963 */
        { 0x06, 0x05, 0x03, 0x0d, 0x01, 0x00 },                 /* reply #963.1, PROP_CARD2_RECORD */
        { 0 } } },
    { { 0x0c, 0x0b, 0x0c, 0x00, 0x00, 0x00, 0x02, 0x37, 0x01, 0x00, 0x01, 0x00 }, {/* spell #964 */
        { 0x06, 0x05, 0x03, 0x0d, 0x00, 0x00 },                 /* reply #964.1, PROP_CARD2_RECORD */
        { 0 } } },
    { { 0x0c, 0x0b, 0x0c, 0x00, 0x00, 0x00, 0x00, 0x00, 0x01, 0x00, 0x02, 0x00 }, {/* spell #965 */
        { 0 } } },
    { { 0x20, 0x1f, 0x06, 0x00, 0x59, 0x02, 0x02, 0x04, 0x01, 0x01, 0x00, 0x60, 0x6d, 0x28, 0x04, 0x01, 0x0a, 0x70, 0x01, 0x01, 0x00, 0x00, 0x00, 0x00, 0x00, 0x01, 0x01, 0x00, 0x00, 0x20, 0x00, 0x00 }, {/* spell #966 */
        { 0x06, 0x05, 0x03, 0x05, 0x01, 0x00 },                 /* reply #966.1, PROP_POWER_LEVEL */
        { 0 } } },
    { { 0x0c, 0x0b, 0x0c, 0x00, 0x00, 0x00, 0x02, 0x37, 0x01, 0x00, 0x01, 0x00 }, {/* spell #967 */
        { 0 } } },
    { { 0x0a, 0x08, 0x06, 0x00, 0x01, 0x00, 0x03, 0x04, 0x00, 0x00 }, {/* spell #968 */
        { 0x06, 0x05, 0x03, 0x05, 0x00, 0x00 },                 /* reply #968.1, PROP_POWER_LEVEL */
        { 0 } } },
    { { 0x0c, 0x0b, 0x0c, 0x00, 0x00, 0x00, 0x00, 0x00, 0x01, 0x00, 0x02, 0x00 }, {/* spell #969 */
        { 0 } } },
    { { 0x0a, 0x08, 0x06, 0x00, 0x01, 0x00, 0x02, 0x04, 0x00, 0x00 }, {/* spell #970 */
        { 0x06, 0x05, 0x03, 0x05, 0x01, 0x00 },                 /* reply #970.1, PROP_POWER_LEVEL */
        { 0 } } },
    { { 0x06, 0x05, 0x07, 0x06, 0x12, 0x00 }, {                 /* spell #971 */
        { 0x06, 0x05, 0x03, 0x06, 0x01, 0x00 },                 /* reply #971.1, PROP_AVAIL_SHOT */
        { 0 } } },
    { { 0x06, 0x05, 0x07, 0x01, 0x01, 0x00 }, {                 /* spell #972 */
        { 0x06, 0x05, 0x07, 0x06, 0x00, 0x00 },                 /* reply #972.1 */
        { 0x0a, 0x08, 0x07, 0x00, 0x02, 0x1f, 0x1c, 0xf2, 0x00, 0x00 },/* reply #972.2 */
        { 0 } } },
    { { 0x06, 0x05, 0x09, 0x00, 0x01, 0x00 }, .description = "PROP_LV_LENS", .out_spells = { /* spell #973 */
        { 0 } } },
    { { 0x1a, 0x19, 0x06, 0x00, 0x11, 0x40, 0x04, 0x04, 0x04, 0x02, 0x0a, 0x6f, 0x00, 0x00, 0x0a, 0x6f, 0x00, 0x1d, 0x3b, 0x00, 0x00, 0x01, 0x2c, 0x00, 0x00, 0x00 }, {/* spell #974 */
        { 0 } } },
    { { 0x06, 0x05, 0x07, 0x06, 0x0c, 0x00 }, {                 /* spell #975 */
        { 0x1e, 0x1c, 0x07, 0x03, 0x96, 0x15, 0x94, 0x2e, 0x89, 0x87, 0x21, 0x02, 0x06, 0x38, 0x0c, 0x00, 0xbe, 0x07, 0x30, 0x55, 0x00, 0x00, 0x00, 0x00, 0x00, 0x00, 0x00, 0x64, 0x00, 0x00 },/* reply #975.1 */
        { 0x06, 0x05, 0x07, 0x06, 0x00, 0x00 },                 /* reply #975.2 */
        { 0x0a, 0x08, 0x07, 0x00, 0x02, 0x1f, 0x1c, 0xf2, 0x00, 0x00 },/* reply #975.3 */
        { 0 } } },
    { { 0x0a, 0x08, 0x02, 0x12, 0x00, 0x00, 0xac, 0xed, 0x00, 0x00 }, .description = "Lens group", .out_spells = { /* spell #976 */
        { 0x1e, 0x1c, 0x07, 0x03, 0x95, 0x1a, 0x94, 0x2e, 0x89, 0x87, 0x21, 0x02, 0x06, 0x37, 0x0c, 0x00, 0xbe, 0x07, 0x30, 0x55, 0x00, 0x00, 0x00, 0x00, 0x00, 0x00, 0x00, 0x64, 0x00, 0x00 },/* reply #976.1 */
        { 0x06, 0x05, 0x02, 0x05, 0x01, 0x00 },                 /* reply #976.2, PROP_CFN_1 */
        { 0x1c, 0x1b, 0x02, 0x04, 0x55, 0x03, 0x00, 0x00, 0x00, 0x61, 0x00, 0x4c, 0x50, 0x2d, 0x45, 0x36, 0x00, 0x00, 0x00, 0x00, 0x00, 0x01, 0x00, 0x74, 0xb5, 0xf5, 0x0d, 0x00 },/* reply #976.3, PROP_CFN */
        { 0 } } },
    { { 0x06, 0x05, 0x09, 0x00, 0x02, 0x00 }, .description = "PROP_LV_LENS", .out_spells = { /* spell #977 */
        { 0 } } },
    { { 0x06, 0x05, 0x09, 0x00, 0x00, 0x00 }, .description = "PROP_LV_LENS", .out_spells = { /* spell #978 */
        { 0 } } },
    { { 0x06, 0x05, 0x07, 0x01, 0x00, 0x00 }, {                 /* spell #979 */
        { 0 } } },
    { { 0x0a, 0x08, 0x06, 0x00, 0x01, 0x00, 0x02, 0x04, 0x00, 0x00 }, {/* spell #980 */
        { 0x06, 0x04, 0x02, 0x06, 0x00, 0x00 },                 /* reply #980.1, PROP_CFN_2 */
        { 0x06, 0x05, 0x03, 0x06, 0x00, 0x00 },                 /* reply #980.2, PROP_AVAIL_SHOT */
        { 0 } } },
    { { 0x0a, 0x08, 0x06, 0x00, 0x01, 0x00, 0x03, 0x04, 0x00, 0x00 }, {/* spell #981 */
        { 0x06, 0x05, 0x03, 0x05, 0x00, 0x00 },                 /* reply #981.1, PROP_POWER_LEVEL */
        { 0 } } },
    { { 0x14, 0x13, 0x06, 0x00, 0x40, 0x02, 0x01, 0x01, 0xfd, 0x00, 0x00, 0x00, 0x00, 0x01, 0x01, 0x00, 0x00, 0x10, 0x00, 0x00 }, {/* spell #982 */
        { 0 } } },
    { { 0x20, 0x1f, 0x06, 0x00, 0x59, 0x02, 0x15, 0x04, 0x01, 0x01, 0x00, 0x00, 0x6d, 0x28, 0x05, 0x01, 0x00, 0x01, 0x01, 0x01, 0x03, 0x00, 0x00, 0x00, 0x00, 0x01, 0x00, 0x00, 0x00, 0x00, 0x00, 0x00 }, {/* spell #983 */
        { 0 } } },
    { { 0x0c, 0x0a, 0x06, 0x00, 0x10, 0x00, 0x04, 0x00, 0x00, 0x00, 0x00, 0x00 }, {/* spell #984 */
        { 0x06, 0x05, 0x03, 0x0e, 0x01, 0x00 },                 /* reply #984.1, PROP_CARD3_RECORD */
        { 0 } } },
    { { 0x0c, 0x0b, 0x0c, 0x00, 0x00, 0x00, 0x02, 0x37, 0x01, 0x00, 0x01, 0x00 }, {/* spell #985 */
        { 0x06, 0x05, 0x03, 0x0e, 0x00, 0x00 },                 /* reply #985.1, PROP_CARD3_RECORD */
        { 0 } } },
    { { 0x0c, 0x0b, 0x0c, 0x00, 0x00, 0x00, 0x00, 0x00, 0x01, 0x00, 0x02, 0x00 }, {/* spell #986 */
        { 0x06, 0x05, 0x03, 0x15, 0x01, 0x00 },                 /* reply #986.1, PROP_LENS */
        { 0 } } },
    { { 0x0c, 0x0b, 0x0c, 0x00, 0x00, 0x00, 0x02, 0x37, 0x01, 0x00, 0x01, 0x00 }, {/* spell #987 */
        { 0x06, 0x05, 0x03, 0x15, 0x00, 0x00 },                 /* reply #987.1, PROP_LENS */
        { 0 } } },
    { { 0x0c, 0x0b, 0x0c, 0x00, 0x00, 0x00, 0x00, 0x00, 0x01, 0x00, 0x02, 0x00 }, {/* spell #988 */
        { 0x06, 0x05, 0x03, 0x16, 0x01, 0x00 },                 /* reply #988.1, PROP_BATTERY_CHECK */
        { 0 } } },
    { { 0x0c, 0x0b, 0x0c, 0x00, 0x00, 0x00, 0x02, 0x37, 0x01, 0x00, 0x01, 0x00 }, {/* spell #989 */
        { 0x06, 0x05, 0x03, 0x16, 0x00, 0x00 },                 /* reply #989.1, PROP_BATTERY_CHECK */
        { 0 } } },
    { { 0x0c, 0x0b, 0x0c, 0x00, 0x00, 0x00, 0x00, 0x00, 0x01, 0x00, 0x02, 0x00 }, {/* spell #990 */
        { 0x06, 0x05, 0x03, 0x0d, 0x01, 0x00 },                 /* reply #990.1, PROP_CARD2_RECORD */
        { 0 } } },
    { { 0x0c, 0x0b, 0x0c, 0x00, 0x00, 0x00, 0x02, 0x37, 0x01, 0x00, 0x01, 0x00 }, {/* spell #991 */
        { 0x06, 0x05, 0x03, 0x0d, 0x00, 0x00 },                 /* reply #991.1, PROP_CARD2_RECORD */
        { 0 } } },
    { { 0x0c, 0x0b, 0x0c, 0x00, 0x00, 0x00, 0x00, 0x00, 0x01, 0x00, 0x02, 0x00 }, {/* spell #992 */
        { 0x06, 0x05, 0x03, 0x15, 0x01, 0x00 },                 /* reply #992.1, PROP_LENS */
        { 0 } } },
    { { 0x0c, 0x0b, 0x0c, 0x00, 0x00, 0x00, 0x02, 0x37, 0x01, 0x00, 0x01, 0x00 }, {/* spell #993 */
        { 0x06, 0x05, 0x03, 0x15, 0x00, 0x00 },                 /* reply #993.1, PROP_LENS */
        { 0 } } },
    { { 0x0c, 0x0b, 0x0c, 0x00, 0x00, 0x00, 0x00, 0x00, 0x01, 0x00, 0x02, 0x00 }, {/* spell #994 */
        { 0 } } },
    { { 0x40, 0x3e, 0x06, 0x00, 0x00, 0x20, 0x03, 0x00, 0x0b, 0x00, 0x01, 0x00, 0x00, 0x00, 0x03, 0x81, 0x00, 0x00, 0x00, 0x01, 0x01, 0x02, 0x00, 0x00, 0x00, 0x00, 0x00, 0x00, 0x00, 0x00, 0x00, 0x00, 0x00, 0x01, 0x00, 0x03, 0x03, 0x00, 0x0b, 0xb5, 0x02, 0x00, 0x00, 0x00, 0x00, 0x03, 0x00, 0x00, 0x02, 0x01, 0x02, 0x03, 0x04, 0x05, 0x00, 0x02, 0x02, 0x02, 0x00, 0x03, 0x00, 0x00, 0x00, 0x00 }, {/* spell #995 */
        { 0x06, 0x05, 0x03, 0x0d, 0x01, 0x00 },                 /* reply #995.1, PROP_CARD2_RECORD */
        { 0 } } },
    { { 0x0c, 0x0b, 0x0c, 0x00, 0x00, 0x00, 0x02, 0x37, 0x01, 0x00, 0x01, 0x00 }, {/* spell #996 */
        { 0x06, 0x05, 0x03, 0x0d, 0x00, 0x00 },                 /* reply #996.1, PROP_CARD2_RECORD */
        { 0 } } },
    { { 0x0c, 0x0b, 0x0c, 0x00, 0x00, 0x00, 0x00, 0x00, 0x01, 0x00, 0x02, 0x00 }, {/* spell #997 */
        { 0 } } },
    { { 0x12, 0x11, 0x06, 0x00, 0x11, 0x02, 0x01, 0x04, 0x04, 0x01, 0x0a, 0x6f, 0x01, 0x00, 0x00, 0x40, 0x00, 0x00 }, {/* spell #998 */
        { 0x06, 0x05, 0x03, 0x0e, 0x01, 0x00 },                 /* reply #998.1, PROP_CARD3_RECORD */
        { 0 } } },
    { { 0x0c, 0x0b, 0x0c, 0x00, 0x00, 0x00, 0x02, 0x37, 0x01, 0x00, 0x01, 0x00 }, {/* spell #999 */
        { 0x06, 0x05, 0x03, 0x0e, 0x00, 0x00 },                 /* reply #999.1, PROP_CARD3_RECORD */
        { 0 } } },
    { { 0x0c, 0x0b, 0x0c, 0x00, 0x00, 0x00, 0x00, 0x00, 0x01, 0x00, 0x02, 0x00 }, {/* spell #1000 */
        { 0 } } },
    { { 0x12, 0x11, 0x06, 0x00, 0x11, 0x02, 0x15, 0x04, 0x04, 0x00, 0x00, 0x00, 0x00, 0x00, 0x00, 0x00, 0x00, 0x00 }, {/* spell #1001 */
        { 0x06, 0x05, 0x03, 0x0e, 0x01, 0x00 },                 /* reply #1001.1, PROP_CARD3_RECORD */
        { 0 } } },
    { { 0x0c, 0x0b, 0x0c, 0x00, 0x00, 0x00, 0x02, 0x37, 0x01, 0x00, 0x01, 0x00 }, {/* spell #1002 */
        { 0x06, 0x05, 0x03, 0x0e, 0x00, 0x00 },                 /* reply #1002.1, PROP_CARD3_RECORD */
        { 0 } } },
    { { 0x0c, 0x0b, 0x0c, 0x00, 0x00, 0x00, 0x00, 0x00, 0x01, 0x00, 0x02, 0x00 }, {/* spell #1003 */
        { 0x06, 0x05, 0x03, 0x17, 0x01, 0x00 },                 /* reply #1003.1, PROP_EFIC_TEMP */
        { 0 } } },
    { { 0x0c, 0x0b, 0x0c, 0x00, 0x00, 0x00, 0x02, 0x37, 0x01, 0x00, 0x01, 0x00 }, {/* spell #1004 */
        { 0x06, 0x05, 0x03, 0x17, 0x00, 0x00 },                 /* reply #1004.1, PROP_EFIC_TEMP */
        { 0 } } },
    { { 0x0c, 0x0b, 0x0c, 0x00, 0x00, 0x00, 0x00, 0x00, 0x01, 0x00, 0x02, 0x00 }, {/* spell #1005 */
        { 0x06, 0x05, 0x03, 0x17, 0x01, 0x00 },                 /* reply #1005.1, PROP_EFIC_TEMP */
        { 0 } } },
    { { 0x0c, 0x0b, 0x0c, 0x00, 0x00, 0x00, 0x02, 0x37, 0x01, 0x00, 0x01, 0x00 }, {/* spell #1006 */
        { 0x06, 0x05, 0x03, 0x17, 0x00, 0x00 },                 /* reply #1006.1, PROP_EFIC_TEMP */
        { 0 } } },
    { { 0x0c, 0x0b, 0x0c, 0x00, 0x00, 0x00, 0x00, 0x00, 0x01, 0x00, 0x02, 0x00 }, {/* spell #1007 */
        { 0x06, 0x05, 0x03, 0x17, 0x01, 0x00 },                 /* reply #1007.1, PROP_EFIC_TEMP */
        { 0 } } },
    { { 0x0c, 0x0b, 0x0c, 0x00, 0x00, 0x00, 0x02, 0x37, 0x01, 0x00, 0x01, 0x00 }, {/* spell #1008 */
        { 0x06, 0x05, 0x03, 0x17, 0x00, 0x00 },                 /* reply #1008.1, PROP_EFIC_TEMP */
        { 0 } } },
    { { 0x0c, 0x0b, 0x0c, 0x00, 0x00, 0x00, 0x00, 0x00, 0x01, 0x00, 0x02, 0x00 }, {/* spell #1009 */
        { 0x06, 0x05, 0x03, 0x17, 0x01, 0x00 },                 /* reply #1009.1, PROP_EFIC_TEMP */
        { 0 } } },
    { { 0x0c, 0x0b, 0x0c, 0x00, 0x00, 0x00, 0x02, 0x37, 0x01, 0x00, 0x01, 0x00 }, {/* spell #1010 */
        { 0x06, 0x05, 0x03, 0x17, 0x00, 0x00 },                 /* reply #1010.1, PROP_EFIC_TEMP */
        { 0 } } },
    { { 0x0c, 0x0b, 0x0c, 0x00, 0x00, 0x00, 0x00, 0x00, 0x01, 0x00, 0x02, 0x00 }, {/* spell #1011 */
        { 0x06, 0x05, 0x03, 0x17, 0x01, 0x00 },                 /* reply #1011.1, PROP_EFIC_TEMP */
        { 0 } } },
    { { 0x0c, 0x0b, 0x0c, 0x00, 0x00, 0x00, 0x02, 0x37, 0x01, 0x00, 0x01, 0x00 }, {/* spell #1012 */
        { 0x06, 0x05, 0x03, 0x17, 0x00, 0x00 },                 /* reply #1012.1, PROP_EFIC_TEMP */
        { 0 } } },
    { { 0x0c, 0x0b, 0x0c, 0x00, 0x00, 0x00, 0x00, 0x00, 0x01, 0x00, 0x02, 0x00 }, {/* spell #1013 */
        { 0x06, 0x05, 0x03, 0x17, 0x01, 0x00 },                 /* reply #1013.1, PROP_EFIC_TEMP */
        { 0 } } },
    { { 0x0c, 0x0b, 0x0c, 0x00, 0x00, 0x00, 0x02, 0x37, 0x01, 0x00, 0x01, 0x00 }, {/* spell #1014 */
        { 0x06, 0x05, 0x03, 0x17, 0x00, 0x00 },                 /* reply #1014.1, PROP_EFIC_TEMP */
        { 0 } } },
    { { 0x0c, 0x0b, 0x0c, 0x00, 0x00, 0x00, 0x00, 0x00, 0x01, 0x00, 0x02, 0x00 }, {/* spell #1015 */
        { 0x06, 0x05, 0x03, 0x17, 0x01, 0x00 },                 /* reply #1015.1, PROP_EFIC_TEMP */
        { 0 } } },
    { { 0x0c, 0x0b, 0x0c, 0x00, 0x00, 0x00, 0x02, 0x37, 0x01, 0x00, 0x01, 0x00 }, {/* spell #1016 */
        { 0x06, 0x05, 0x03, 0x17, 0x00, 0x00 },                 /* reply #1016.1, PROP_EFIC_TEMP */
        { 0 } } },
    { { 0x0c, 0x0b, 0x0c, 0x00, 0x00, 0x00, 0x00, 0x00, 0x01, 0x00, 0x02, 0x00 }, {/* spell #1017 */
        { 0x06, 0x05, 0x03, 0x17, 0x01, 0x00 },                 /* reply #1017.1, PROP_EFIC_TEMP */
        { 0 } } },
    { { 0x0c, 0x0b, 0x0c, 0x00, 0x00, 0x00, 0x02, 0x37, 0x01, 0x00, 0x01, 0x00 }, {/* spell #1018 */
        { 0x06, 0x05, 0x03, 0x17, 0x00, 0x00 },                 /* reply #1018.1, PROP_EFIC_TEMP */
        { 0 } } },
    { { 0x0c, 0x0b, 0x0c, 0x00, 0x00, 0x00, 0x00, 0x00, 0x01, 0x00, 0x02, 0x00 }, {/* spell #1019 */
        { 0x06, 0x05, 0x03, 0x17, 0x01, 0x00 },                 /* reply #1019.1, PROP_EFIC_TEMP */
        { 0 } } },
    { { 0x0c, 0x0b, 0x0c, 0x00, 0x00, 0x00, 0x02, 0x37, 0x01, 0x00, 0x01, 0x00 }, {/* spell #1020 */
        { 0x06, 0x05, 0x03, 0x17, 0x00, 0x00 },                 /* reply #1020.1, PROP_EFIC_TEMP */
        { 0 } } },
    { { 0x0c, 0x0b, 0x0c, 0x00, 0x00, 0x00, 0x00, 0x00, 0x01, 0x00, 0x02, 0x00 }, {/* spell #1021 */
        { 0x06, 0x05, 0x03, 0x17, 0x01, 0x00 },                 /* reply #1021.1, PROP_EFIC_TEMP */
        { 0 } } },
    { { 0x0c, 0x0b, 0x0c, 0x00, 0x00, 0x00, 0x02, 0x37, 0x01, 0x00, 0x01, 0x00 }, {/* spell #1022 */
        { 0x06, 0x05, 0x03, 0x17, 0x00, 0x00 },                 /* reply #1022.1, PROP_EFIC_TEMP */
        { 0 } } },
    { { 0x0c, 0x0b, 0x0c, 0x00, 0x00, 0x00, 0x00, 0x00, 0x01, 0x00, 0x02, 0x00 }, {/* spell #1023 */
        { 0x06, 0x05, 0x03, 0x17, 0x01, 0x00 },                 /* reply #1023.1, PROP_EFIC_TEMP */
        { 0 } } },
    { { 0x0c, 0x0b, 0x0c, 0x00, 0x00, 0x00, 0x02, 0x37, 0x01, 0x00, 0x01, 0x00 }, {/* spell #1024 */
        { 0x06, 0x05, 0x03, 0x17, 0x00, 0x00 },                 /* reply #1024.1, PROP_EFIC_TEMP */
        { 0 } } },
    { { 0x0c, 0x0b, 0x0c, 0x00, 0x00, 0x00, 0x00, 0x00, 0x01, 0x00, 0x02, 0x00 }, {/* spell #1025 */
        { 0x06, 0x05, 0x03, 0x17, 0x01, 0x00 },                 /* reply #1025.1, PROP_EFIC_TEMP */
        { 0 } } },
    { { 0x0c, 0x0b, 0x0c, 0x00, 0x00, 0x00, 0x02, 0x37, 0x01, 0x00, 0x01, 0x00 }, {/* spell #1026 */
        { 0x06, 0x05, 0x03, 0x17, 0x00, 0x00 },                 /* reply #1026.1, PROP_EFIC_TEMP */
        { 0 } } },
    { { 0x0c, 0x0b, 0x0c, 0x00, 0x00, 0x00, 0x00, 0x00, 0x01, 0x00, 0x02, 0x00 }, {/* spell #1027 */
        { 0x06, 0x05, 0x03, 0x17, 0x01, 0x00 },                 /* reply #1027.1, PROP_EFIC_TEMP */
        { 0 } } },
    { { 0x0c, 0x0b, 0x0c, 0x00, 0x00, 0x00, 0x02, 0x37, 0x01, 0x00, 0x01, 0x00 }, {/* spell #1028 */
        { 0x06, 0x05, 0x03, 0x17, 0x00, 0x00 },                 /* reply #1028.1, PROP_EFIC_TEMP */
        { 0 } } },
    { { 0x0c, 0x0b, 0x0c, 0x00, 0x00, 0x00, 0x00, 0x00, 0x01, 0x00, 0x02, 0x00 }, {/* spell #1029 */
        { 0x06, 0x05, 0x03, 0x17, 0x01, 0x00 },                 /* reply #1029.1, PROP_EFIC_TEMP */
        { 0 } } },
    { { 0x0c, 0x0b, 0x0c, 0x00, 0x00, 0x00, 0x02, 0x37, 0x01, 0x00, 0x01, 0x00 }, {/* spell #1030 */
        { 0x06, 0x05, 0x03, 0x17, 0x00, 0x00 },                 /* reply #1030.1, PROP_EFIC_TEMP */
        { 0 } } },
    { { 0x0c, 0x0b, 0x0c, 0x00, 0x00, 0x00, 0x00, 0x00, 0x01, 0x00, 0x02, 0x00 }, {/* spell #1031 */
        { 0x06, 0x05, 0x03, 0x17, 0x01, 0x00 },                 /* reply #1031.1, PROP_EFIC_TEMP */
        { 0 } } },
    { { 0x0c, 0x0b, 0x0c, 0x00, 0x00, 0x00, 0x02, 0x37, 0x01, 0x00, 0x01, 0x00 }, {/* spell #1032 */
        { 0x06, 0x05, 0x03, 0x17, 0x00, 0x00 },                 /* reply #1032.1, PROP_EFIC_TEMP */
        { 0 } } },
    { { 0x0c, 0x0b, 0x0c, 0x00, 0x00, 0x00, 0x00, 0x00, 0x01, 0x00, 0x02, 0x00 }, {/* spell #1033 */
        { 0x06, 0x05, 0x03, 0x17, 0x01, 0x00 },                 /* reply #1033.1, PROP_EFIC_TEMP */
        { 0 } } },
    { { 0x0c, 0x0b, 0x0c, 0x00, 0x00, 0x00, 0x02, 0x37, 0x01, 0x00, 0x01, 0x00 }, {/* spell #1034 */
        { 0x06, 0x05, 0x03, 0x17, 0x00, 0x00 },                 /* reply #1034.1, PROP_EFIC_TEMP */
        { 0 } } },
    { { 0x0c, 0x0b, 0x0c, 0x00, 0x00, 0x00, 0x00, 0x00, 0x01, 0x00, 0x02, 0x00 }, {/* spell #1035 */
        { 0x06, 0x05, 0x03, 0x17, 0x01, 0x00 },                 /* reply #1035.1, PROP_EFIC_TEMP */
        { 0 } } },
    { { 0x0c, 0x0b, 0x0c, 0x00, 0x00, 0x00, 0x02, 0x37, 0x01, 0x00, 0x01, 0x00 }, {/* spell #1036 */
        { 0x06, 0x05, 0x03, 0x17, 0x00, 0x00 },                 /* reply #1036.1, PROP_EFIC_TEMP */
        { 0x0a, 0x08, 0x07, 0x00, 0x02, 0x20, 0x1c, 0xff, 0x00, 0x00 },/* reply #1036.2 */
        { 0x1e, 0x1c, 0x07, 0x03, 0x98, 0x07, 0x94, 0x2e, 0x89, 0x88, 0x21, 0x02, 0x06, 0x37, 0x0c, 0x00, 0xbe, 0x07, 0x30, 0x55, 0x00, 0x00, 0x00, 0x00, 0x00, 0x00, 0x00, 0x64, 0x00, 0x00 },/* reply #1036.3 */
        { 0 } } },
    { { 0x0c, 0x0b, 0x0c, 0x00, 0x00, 0x00, 0x00, 0x00, 0x01, 0x00, 0x02, 0x00 }, {/* spell #1037 */
        { 0x06, 0x05, 0x03, 0x17, 0x01, 0x00 },                 /* reply #1037.1, PROP_EFIC_TEMP */
        { 0 } } },
    { { 0x0c, 0x0b, 0x0c, 0x00, 0x00, 0x00, 0x02, 0x37, 0x01, 0x00, 0x01, 0x00 }, {/* spell #1038 */
        { 0x06, 0x05, 0x03, 0x17, 0x00, 0x00 },                 /* reply #1038.1, PROP_EFIC_TEMP */
        { 0 } } },
    { { 0x0c, 0x0b, 0x0c, 0x00, 0x00, 0x00, 0x00, 0x00, 0x01, 0x00, 0x02, 0x00 }, {/* spell #1039 */
        { 0x06, 0x05, 0x03, 0x17, 0x01, 0x00 },                 /* reply #1039.1, PROP_EFIC_TEMP */
        { 0 } } },
    { { 0x0c, 0x0b, 0x0c, 0x00, 0x00, 0x00, 0x02, 0x37, 0x01, 0x00, 0x01, 0x00 }, {/* spell #1040 */
        { 0x06, 0x05, 0x03, 0x17, 0x00, 0x00 },                 /* reply #1040.1, PROP_EFIC_TEMP */
        { 0 } } },
    { { 0x0c, 0x0b, 0x0c, 0x00, 0x00, 0x00, 0x00, 0x00, 0x01, 0x00, 0x02, 0x00 }, {/* spell #1041 */
        { 0x06, 0x05, 0x03, 0x17, 0x01, 0x00 },                 /* reply #1041.1, PROP_EFIC_TEMP */
        { 0 } } },
    { { 0x0c, 0x0b, 0x0c, 0x00, 0x00, 0x00, 0x02, 0x37, 0x01, 0x00, 0x01, 0x00 }, {/* spell #1042 */
        { 0x06, 0x05, 0x03, 0x17, 0x00, 0x00 },                 /* reply #1042.1, PROP_EFIC_TEMP */
        { 0 } } },
    { { 0x0c, 0x0b, 0x0c, 0x00, 0x00, 0x00, 0x00, 0x00, 0x01, 0x00, 0x02, 0x00 }, {/* spell #1043 */
        { 0x06, 0x05, 0x03, 0x17, 0x01, 0x00 },                 /* reply #1043.1, PROP_EFIC_TEMP */
        { 0 } } },
    { { 0x0c, 0x0b, 0x0c, 0x00, 0x00, 0x00, 0x02, 0x37, 0x01, 0x00, 0x01, 0x00 }, {/* spell #1044 */
        { 0x06, 0x05, 0x03, 0x17, 0x00, 0x00 },                 /* reply #1044.1, PROP_EFIC_TEMP */
        { 0 } } },
    { { 0x0c, 0x0b, 0x0c, 0x00, 0x00, 0x00, 0x00, 0x00, 0x01, 0x00, 0x02, 0x00 }, {/* spell #1045 */
        { 0x06, 0x05, 0x03, 0x17, 0x01, 0x00 },                 /* reply #1045.1, PROP_EFIC_TEMP */
        { 0 } } },
    { { 0x0c, 0x0b, 0x0c, 0x00, 0x00, 0x00, 0x02, 0x37, 0x01, 0x00, 0x01, 0x00 }, {/* spell #1046 */
        { 0x06, 0x05, 0x03, 0x17, 0x00, 0x00 },                 /* reply #1046.1, PROP_EFIC_TEMP */
        { 0 } } },
    { { 0x0c, 0x0b, 0x0c, 0x00, 0x00, 0x00, 0x00, 0x00, 0x01, 0x00, 0x02, 0x00 }, {/* spell #1047 */
        { 0x06, 0x05, 0x03, 0x17, 0x01, 0x00 },                 /* reply #1047.1, PROP_EFIC_TEMP */
        { 0 } } },
    { { 0x0c, 0x0b, 0x0c, 0x00, 0x00, 0x00, 0x02, 0x37, 0x01, 0x00, 0x01, 0x00 }, {/* spell #1048 */
        { 0x06, 0x05, 0x03, 0x17, 0x00, 0x00 },                 /* reply #1048.1, PROP_EFIC_TEMP */
        { 0 } } },
    { { 0x0c, 0x0b, 0x0c, 0x00, 0x00, 0x00, 0x00, 0x00, 0x01, 0x00, 0x02, 0x00 }, {/* spell #1049 */
        { 0x06, 0x05, 0x03, 0x17, 0x01, 0x00 },                 /* reply #1049.1, PROP_EFIC_TEMP */
        { 0 } } },
    { { 0x0c, 0x0b, 0x0c, 0x00, 0x00, 0x00, 0x02, 0x37, 0x01, 0x00, 0x01, 0x00 }, {/* spell #1050 */
        { 0x06, 0x05, 0x03, 0x17, 0x00, 0x00 },                 /* reply #1050.1, PROP_EFIC_TEMP */
        { 0 } } },
    { { 0x0c, 0x0b, 0x0c, 0x00, 0x00, 0x00, 0x00, 0x00, 0x01, 0x00, 0x02, 0x00 }, {/* spell #1051 */
        { 0x06, 0x05, 0x03, 0x17, 0x01, 0x00 },                 /* reply #1051.1, PROP_EFIC_TEMP */
        { 0 } } },
    { { 0x0c, 0x0b, 0x0c, 0x00, 0x00, 0x00, 0x02, 0x37, 0x01, 0x00, 0x01, 0x00 }, {/* spell #1052 */
        { 0x06, 0x05, 0x03, 0x17, 0x00, 0x00 },                 /* reply #1052.1, PROP_EFIC_TEMP */
        { 0 } } },
    { { 0x0c, 0x0b, 0x0c, 0x00, 0x00, 0x00, 0x00, 0x00, 0x01, 0x00, 0x02, 0x00 }, {/* spell #1053 */
        { 0x06, 0x05, 0x03, 0x17, 0x01, 0x00 },                 /* reply #1053.1, PROP_EFIC_TEMP */
        { 0 } } },
    { { 0x0c, 0x0b, 0x0c, 0x00, 0x00, 0x00, 0x02, 0x37, 0x01, 0x00, 0x01, 0x00 }, {/* spell #1054 */
        { 0x06, 0x05, 0x03, 0x17, 0x00, 0x00 },                 /* reply #1054.1, PROP_EFIC_TEMP */
        { 0 } } },
    { { 0x0c, 0x0b, 0x0c, 0x00, 0x00, 0x00, 0x00, 0x00, 0x01, 0x00, 0x02, 0x00 }, {/* spell #1055 */
        { 0x06, 0x05, 0x03, 0x17, 0x01, 0x00 },                 /* reply #1055.1, PROP_EFIC_TEMP */
        { 0 } } },
    { { 0x0c, 0x0b, 0x0c, 0x00, 0x00, 0x00, 0x02, 0x37, 0x01, 0x00, 0x01, 0x00 }, {/* spell #1056 */
        { 0x06, 0x05, 0x03, 0x17, 0x00, 0x00 },                 /* reply #1056.1, PROP_EFIC_TEMP */
        { 0 } } },
    { { 0x0c, 0x0b, 0x0c, 0x00, 0x00, 0x00, 0x00, 0x00, 0x01, 0x00, 0x02, 0x00 }, {/* spell #1057 */
        { 0 } } },
    { { 0x12, 0x11, 0x06, 0x00, 0x11, 0x02, 0x01, 0x04, 0x04, 0x01, 0x0a, 0x6f, 0x01, 0x00, 0x00, 0x40, 0x00, 0x00 }, {/* spell #1058 */
        { 0x06, 0x05, 0x03, 0x0e, 0x01, 0x00 },                 /* reply #1058.1, PROP_CARD3_RECORD */
        { 0 } } },
    { { 0x0c, 0x0b, 0x0c, 0x00, 0x00, 0x00, 0x02, 0x37, 0x01, 0x00, 0x01, 0x00 }, {/* spell #1059 */
        { 0x06, 0x05, 0x03, 0x0e, 0x00, 0x00 },                 /* reply #1059.1, PROP_CARD3_RECORD */
        { 0 } } },
    { { 0x0c, 0x0b, 0x0c, 0x00, 0x00, 0x00, 0x00, 0x00, 0x01, 0x00, 0x02, 0x00 }, {/* spell #1060 */
        { 0 } } },
    { { 0x1c, 0x1b, 0x06, 0x00, 0x49, 0x02, 0x02, 0x04, 0x01, 0x01, 0x00, 0x60, 0x6d, 0x28, 0x01, 0x01, 0x00, 0x00, 0x00, 0x00, 0x00, 0x01, 0x01, 0x00, 0x00, 0x20, 0x00, 0x00 }, {/* spell #1061 */
        { 0x06, 0x05, 0x03, 0x05, 0x01, 0x00 },                 /* reply #1061.1, PROP_POWER_LEVEL */
        { 0 } } },
    { { 0x0c, 0x0b, 0x0c, 0x00, 0x00, 0x00, 0x02, 0x37, 0x01, 0x00, 0x01, 0x00 }, {/* spell #1062 */
        { 0 } } },
    { { 0x0a, 0x08, 0x06, 0x00, 0x01, 0x00, 0x03, 0x04, 0x00, 0x00 }, {/* spell #1063 */
        { 0x06, 0x05, 0x03, 0x05, 0x00, 0x00 },                 /* reply #1063.1, PROP_POWER_LEVEL */
        { 0 } } },
    { { 0x0c, 0x0b, 0x0c, 0x00, 0x00, 0x00, 0x00, 0x00, 0x01, 0x00, 0x02, 0x00 }, {/* spell #1064 */
        { 0 } } },
    { { 0x0a, 0x08, 0x06, 0x00, 0x01, 0x00, 0x02, 0x04, 0x00, 0x00 }, {/* spell #1065 */
        { 0x06, 0x05, 0x03, 0x05, 0x01, 0x00 },                 /* reply #1065.1, PROP_POWER_LEVEL */
        { 0 } } },
    { { 0x0c, 0x0b, 0x0c, 0x00, 0x00, 0x00, 0x02, 0x37, 0x01, 0x00, 0x01, 0x00 }, {/* spell #1066 */
        { 0 } } },
    { { 0x0a, 0x08, 0x06, 0x00, 0x01, 0x00, 0x03, 0x04, 0x00, 0x00 }, {/* spell #1067 */
        { 0x06, 0x05, 0x03, 0x05, 0x00, 0x00 },                 /* reply #1067.1, PROP_POWER_LEVEL */
        { 0 } } },
    { { 0x0c, 0x0b, 0x0c, 0x00, 0x00, 0x00, 0x00, 0x00, 0x01, 0x00, 0x02, 0x00 }, {/* spell #1068 */
        { 0 } } },
    { { 0x0c, 0x0b, 0x0c, 0x00, 0x00, 0x00, 0x02, 0x37, 0x01, 0x00, 0x01, 0x00 }, {/* spell #1069 */
        { 0 } } },
    { { 0x0a, 0x08, 0x06, 0x00, 0x01, 0x00, 0x02, 0x04, 0x00, 0x00 }, {/* spell #1070 */
        { 0 } } },
    { { 0x0a, 0x08, 0x06, 0x00, 0x01, 0x00, 0x03, 0x04, 0x00, 0x00 }, {/* spell #1071 */
        { 0 } } },
    { { 0x0c, 0x0b, 0x0c, 0x00, 0x00, 0x00, 0x00, 0x00, 0x01, 0x00, 0x02, 0x00 }, {/* spell #1072 */
        { 0 } } },
    { { 0x14, 0x13, 0x06, 0x00, 0x40, 0x02, 0x01, 0x01, 0xfb, 0x00, 0x00, 0x00, 0x00, 0x01, 0x01, 0x00, 0x00, 0x08, 0x00, 0x00 }, {/* spell #1073 */
        { 0 } } },
    { { 0x0c, 0x0b, 0x0c, 0x00, 0x00, 0x00, 0x02, 0x37, 0x01, 0x00, 0x01, 0x00 }, {/* spell #1074 */
        { 0 } } },
    { { 0x0a, 0x08, 0x06, 0x00, 0x01, 0x00, 0x02, 0x04, 0x00, 0x00 }, {/* spell #1075 */
        { 0 } } },
    { { 0x0a, 0x08, 0x06, 0x00, 0x01, 0x00, 0x03, 0x04, 0x00, 0x00 }, {/* spell #1076 */
        { 0 } } },
    { { 0x0c, 0x0b, 0x0c, 0x00, 0x00, 0x00, 0x00, 0x00, 0x01, 0x00, 0x02, 0x00 }, {/* spell #1077 */
        { 0 } } },
    { { 0x0c, 0x0b, 0x0c, 0x00, 0x00, 0x00, 0x02, 0x37, 0x01, 0x00, 0x01, 0x00 }, {/* spell #1078 */
        { 0 } } },
    { { 0x0a, 0x08, 0x06, 0x00, 0x01, 0x00, 0x02, 0x04, 0x00, 0x00 }, {/* spell #1079 */
        { 0 } } },
    { { 0x0a, 0x08, 0x06, 0x00, 0x01, 0x00, 0x03, 0x04, 0x00, 0x00 }, {/* spell #1080 */
        { 0 } } },
    { { 0x14, 0x13, 0x06, 0x00, 0x40, 0x02, 0x01, 0x01, 0x00, 0x00, 0x00, 0x00, 0x00, 0x01, 0x01, 0x00, 0x00, 0x20, 0x00, 0x00 }, {/* spell #1081 */
        { 0 } } },
    { { 0x0c, 0x0b, 0x0c, 0x00, 0x00, 0x00, 0x00, 0x00, 0x01, 0x00, 0x02, 0x00 }, {/* spell #1082 */
        { 0 } } },
    { { 0x0c, 0x0b, 0x0c, 0x00, 0x00, 0x00, 0x02, 0x37, 0x01, 0x00, 0x01, 0x00 }, {/* spell #1083 */
        { 0 } } },
    { { 0x16, 0x15, 0x06, 0x00, 0x41, 0x02, 0x02, 0x04, 0x01, 0x01, 0xf8, 0x00, 0x00, 0x00, 0x00, 0x01, 0x01, 0x00, 0x00, 0x04, 0x00, 0x00 }, {/* spell #1084 */
        { 0 } } },
    { { 0x0a, 0x08, 0x06, 0x00, 0x01, 0x00, 0x03, 0x04, 0x00, 0x00 }, {/* spell #1085 */
        { 0 } } },
    { { 0x0c, 0x0b, 0x0c, 0x00, 0x00, 0x00, 0x00, 0x00, 0x01, 0x00, 0x02, 0x00 }, {/* spell #1086 */
        { 0 } } },
    { { 0x0a, 0x08, 0x06, 0x00, 0x01, 0x00, 0x02, 0x04, 0x00, 0x00 }, {/* spell #1087 */
        { 0x06, 0x05, 0x03, 0x05, 0x01, 0x00 },                 /* reply #1087.1, PROP_POWER_LEVEL */
        { 0 } } },
    { { 0x0c, 0x0b, 0x0c, 0x00, 0x00, 0x00, 0x02, 0x37, 0x01, 0x00, 0x01, 0x00 }, {/* spell #1088 */
        { 0 } } },
    { { 0x0a, 0x08, 0x06, 0x00, 0x01, 0x00, 0x03, 0x04, 0x00, 0x00 }, {/* spell #1089 */
        { 0x06, 0x05, 0x03, 0x05, 0x00, 0x00 },                 /* reply #1089.1, PROP_POWER_LEVEL */
        { 0 } } },
    { { 0x0c, 0x0b, 0x0c, 0x00, 0x00, 0x00, 0x00, 0x00, 0x01, 0x00, 0x02, 0x00 }, {/* spell #1090 */
        { 0 } } },
    { { 0x0a, 0x08, 0x06, 0x00, 0x01, 0x00, 0x02, 0x04, 0x00, 0x00 }, {/* spell #1091 */
        { 0x06, 0x05, 0x03, 0x05, 0x01, 0x00 },                 /* reply #1091.1, PROP_POWER_LEVEL */
        { 0 } } },
    { { 0x0c, 0x0b, 0x0c, 0x00, 0x00, 0x00, 0x02, 0x37, 0x01, 0x00, 0x01, 0x00 }, {/* spell #1092 */
        { 0 } } },
    { { 0x0a, 0x08, 0x06, 0x00, 0x01, 0x00, 0x03, 0x04, 0x00, 0x00 }, {/* spell #1093 */
        { 0x06, 0x05, 0x03, 0x05, 0x00, 0x00 },                 /* reply #1093.1, PROP_POWER_LEVEL */
        { 0 } } },
    { { 0x0c, 0x0b, 0x0c, 0x00, 0x00, 0x00, 0x00, 0x00, 0x01, 0x00, 0x02, 0x00 }, {/* spell #1094 */
        { 0 } } },
    { { 0x0a, 0x08, 0x06, 0x00, 0x01, 0x00, 0x02, 0x04, 0x00, 0x00 }, {/* spell #1095 */
        { 0x06, 0x05, 0x03, 0x05, 0x01, 0x00 },                 /* reply #1095.1, PROP_POWER_LEVEL */
        { 0 } } },
    { { 0x0c, 0x0b, 0x0c, 0x00, 0x00, 0x00, 0x02, 0x37, 0x01, 0x00, 0x01, 0x00 }, {/* spell #1096 */
        { 0 } } },
    { { 0x0a, 0x08, 0x06, 0x00, 0x01, 0x00, 0x03, 0x04, 0x00, 0x00 }, {/* spell #1097 */
        { 0x06, 0x05, 0x03, 0x05, 0x00, 0x00 },                 /* reply #1097.1, PROP_POWER_LEVEL */
     // { 0x0a, 0x08, 0x07, 0x00, 0x02, 0x1e, 0x1c, 0xe5, 0x00, 0x00 },/* reply #1097.2, delayed by 999 ms, likely external input */
        { 0x1e, 0x1c, 0x07, 0x03, 0x97, 0x0e, 0x94, 0x2e, 0x89, 0x87, 0x21, 0x02, 0x06, 0x35, 0x0c, 0x00, 0xbe, 0x07, 0x30, 0x55, 0x00, 0x00, 0x00, 0x00, 0x00, 0x00, 0x00, 0x64, 0x00, 0x00 },/* reply #1097.3 */
        { 0 } } },
    { { 0x0c, 0x0b, 0x0c, 0x00, 0x00, 0x00, 0x00, 0x00, 0x01, 0x00, 0x02, 0x00 }, {/* spell #1098 */
        { 0 } } },
    { { 0x1c, 0x1b, 0x06, 0x00, 0x49, 0x02, 0x01, 0x04, 0x01, 0x01, 0x00, 0x00, 0x6d, 0x28, 0x01, 0x01, 0x03, 0x00, 0x00, 0x00, 0x00, 0x01, 0x01, 0x00, 0x00, 0x40, 0x00, 0x00 }, {/* spell #1099 */
        { 0x06, 0x05, 0x03, 0x11, 0x01, 0x00 },                 /* reply #1099.1, PROP_ICU_AUTO_POWEROFF */
        { 0 } } },
    { { 0x0c, 0x0b, 0x0c, 0x00, 0x00, 0x00, 0x02, 0x37, 0x01, 0x00, 0x01, 0x00 }, {/* spell #1100 */
        { 0x06, 0x05, 0x03, 0x11, 0x00, 0x00 },                 /* reply #1100.1, PROP_ICU_AUTO_POWEROFF */
        { 0 } } },
    { { 0x0c, 0x0b, 0x0c, 0x00, 0x00, 0x00, 0x00, 0x00, 0x01, 0x00, 0x02, 0x00 }, {/* spell #1101 */
        { 0x06, 0x05, 0x03, 0x15, 0x01, 0x00 },                 /* reply #1101.1, PROP_LENS */
        { 0 } } },
    { { 0x0c, 0x0b, 0x0c, 0x00, 0x00, 0x00, 0x02, 0x37, 0x01, 0x00, 0x01, 0x00 }, {/* spell #1102 */
        { 0x06, 0x05, 0x03, 0x15, 0x00, 0x00 },                 /* reply #1102.1, PROP_LENS */
        { 0 } } },
    { { 0x0c, 0x0b, 0x0c, 0x00, 0x00, 0x00, 0x00, 0x00, 0x01, 0x00, 0x02, 0x00 }, {/* spell #1103 */
        { 0x06, 0x05, 0x03, 0x15, 0x01, 0x00 },                 /* reply #1103.1, PROP_LENS */
        { 0 } } },
    { { 0x0c, 0x0b, 0x0c, 0x00, 0x00, 0x00, 0x02, 0x37, 0x01, 0x00, 0x01, 0x00 }, {/* spell #1104 */
        { 0x06, 0x05, 0x03, 0x15, 0x00, 0x00 },                 /* reply #1104.1, PROP_LENS */
        { 0 } } },
    { { 0x0c, 0x0b, 0x0c, 0x00, 0x00, 0x00, 0x00, 0x00, 0x01, 0x00, 0x02, 0x00 }, {/* spell #1105 */
        { 0x06, 0x05, 0x03, 0x15, 0x01, 0x00 },                 /* reply #1105.1, PROP_LENS */
        { 0 } } },
    { { 0x0c, 0x0b, 0x0c, 0x00, 0x00, 0x00, 0x02, 0x37, 0x01, 0x00, 0x01, 0x00 }, {/* spell #1106 */
        { 0x06, 0x05, 0x03, 0x15, 0x00, 0x00 },                 /* reply #1106.1, PROP_LENS */
        { 0 } } },
    { { 0x0c, 0x0b, 0x0c, 0x00, 0x00, 0x00, 0x00, 0x00, 0x01, 0x00, 0x02, 0x00 }, {/* spell #1107 */
        { 0x06, 0x05, 0x03, 0x0d, 0x01, 0x00 },                 /* reply #1107.1, PROP_CARD2_RECORD */
        { 0 } } },

    #include "NotifyGUIEvent.h"
    #include "UILock.h"
    #include "CardFormat.h"
    #include "MpuProperties.h"
    #include "GPS.h"
    #include "LiveView.h"
    #include "Shutdown.h"
};
